State,Commodity,Data Item,yield_value,Unit
ALABAMA,"CORN, GRAIN","CORN, GRAIN - YIELD, MEASURED IN BU / ACRE",4.116,TON/ACRE
ALABAMA,"CORN, SILAGE","CORN, SILAGE - YIELD, MEASURED IN TONS / ACRE",13.0,TON/ACRE
ALABAMA,COTTON,"COTTON - YIELD, MEASURED IN LB / ACRE",0.464,TON/ACRE
ALABAMA,"COTTON, UPLAND","COTTON, UPLAND - YIELD, MEASURED IN LB / ACRE",0.464,TON/ACRE
ALABAMA,HAY,"HAY - YIELD, MEASURED IN TONS / ACRE",2.5,TON/ACRE
ALABAMA,"HAY, (EXCL ALFALFA)","HAY, (EXCL ALFALFA) - YIELD, MEASURED IN TONS / ACRE",2.5,TON/ACRE
ALABAMA,PEANUTS,"PEANUTS - YIELD, MEASURED IN LB / ACRE",1.675,TON/ACRE
ALABAMA,SOYBEANS,"SOYBEANS - YIELD, MEASURED IN BU / ACRE",1.008,TON/ACRE
ALABAMA,WHEAT,"WHEAT - YIELD, MEASURED IN BU / ACRE",2.016,TON/ACRE
ALABAMA,"WHEAT, WINTER","WHEAT, WINTER - YIELD, MEASURED IN BU / ACRE",2.016,TON/ACRE
ALASKA,BARLEY,"BARLEY - YIELD, MEASURED IN BU / ACRE",1.064,TON/ACRE
ALASKA,HAY,"HAY - YIELD, MEASURED IN TONS / ACRE",1.3,TON/ACRE
ALASKA,"HAY, (EXCL ALFALFA)","HAY, (EXCL ALFALFA) - YIELD, MEASURED IN TONS / ACRE",1.3,TON/ACRE
ARIZONA,BARLEY,"BARLEY - YIELD, MEASURED IN BU / ACRE",3.528,TON/ACRE
ARIZONA,BROCCOLI,"BROCCOLI - YIELD, MEASURED IN CWT / ACRE",7.07,TON/ACRE
ARIZONA,CAULIFLOWER,"CAULIFLOWER - YIELD, MEASURED IN CWT / ACRE",9.0,TON/ACRE
ARIZONA,"CORN, GRAIN","CORN, GRAIN - YIELD, MEASURED IN BU / ACRE",6.468,TON/ACRE
ARIZONA,"CORN, SILAGE","CORN, SILAGE - YIELD, MEASURED IN TONS / ACRE",29.0,TON/ACRE
ARIZONA,COTTON,"COTTON - YIELD, MEASURED IN LB / ACRE",0.5690000000000001,TON/ACRE
ARIZONA,"COTTON, PIMA","COTTON, PIMA - YIELD, MEASURED IN LB / ACRE",0.4,TON/ACRE
ARIZONA,"COTTON, UPLAND","COTTON, UPLAND - YIELD, MEASURED IN LB / ACRE",0.577,TON/ACRE
ARIZONA,DATES,"DATES - YIELD, MEASURED IN TONS / ACRE",3.36,TON/ACRE
ARIZONA,HAY,"HAY - YIELD, MEASURED IN TONS / ACRE",7.74,TON/ACRE
ARIZONA,"HAY, (EXCL ALFALFA)","HAY, (EXCL ALFALFA) - YIELD, MEASURED IN TONS / ACRE",4.1,TON/ACRE
ARIZONA,"HAY, ALFALFA","HAY, ALFALFA - YIELD, MEASURED IN TONS / ACRE",8.3,TON/ACRE
ARIZONA,LEMONS,"LEMONS - YIELD, MEASURED IN BOXES / ACRE",4.1419999999999995,TON/ACRE
ARIZONA,"LETTUCE, HEAD","LETTUCE, HEAD - YIELD, MEASURED IN CWT / ACRE",16.75,TON/ACRE
ARIZONA,"LETTUCE, LEAF","LETTUCE, LEAF - YIELD, MEASURED IN CWT / ACRE",11.5,TON/ACRE
ARIZONA,"LETTUCE, ROMAINE","LETTUCE, ROMAINE - YIELD, MEASURED IN CWT / ACRE",15.25,TON/ACRE
ARIZONA,"MELONS, CANTALOUP","MELONS, CANTALOUP - YIELD, MEASURED IN CWT / ACRE",11.25,TON/ACRE
ARIZONA,"MELONS, WATERMELON","MELONS, WATERMELON - YIELD, MEASURED IN CWT / ACRE",32.0,TON/ACRE
ARIZONA,PECANS,"PECANS - YIELD, MEASURED IN LB / ACRE",0.9500000000000001,TON/ACRE
ARIZONA,WHEAT,"WHEAT - YIELD, MEASURED IN BU / ACRE",2.912,TON/ACRE
ARIZONA,"WHEAT, SPRING, DURUM","WHEAT, SPRING, DURUM - YIELD, MEASURED IN BU / ACRE",2.912,TON/ACRE
ARKANSAS,"CORN, GRAIN","CORN, GRAIN - YIELD, MEASURED IN BU / ACRE",4.9,TON/ACRE
ARKANSAS,"CORN, SILAGE","CORN, SILAGE - YIELD, MEASURED IN TONS / ACRE",16.0,TON/ACRE
ARKANSAS,COTTON,"COTTON - YIELD, MEASURED IN LB / ACRE",0.5925,TON/ACRE
ARKANSAS,"COTTON, UPLAND","COTTON, UPLAND - YIELD, MEASURED IN LB / ACRE",0.5925,TON/ACRE
ARKANSAS,HAY,"HAY - YIELD, MEASURED IN TONS / ACRE",2.2,TON/ACRE
ARKANSAS,"HAY, (EXCL ALFALFA)","HAY, (EXCL ALFALFA) - YIELD, MEASURED IN TONS / ACRE",2.2,TON/ACRE
ARKANSAS,"HAY, ALFALFA","HAY, ALFALFA - YIELD, MEASURED IN TONS / ACRE",3.2,TON/ACRE
ARKANSAS,OATS,"OATS - YIELD, MEASURED IN BU / ACRE",1.96,TON/ACRE
ARKANSAS,PEANUTS,"PEANUTS - YIELD, MEASURED IN LB / ACRE",2.6,TON/ACRE
ARKANSAS,RICE,"RICE - YIELD, MEASURED IN LB / ACRE",3.74,TON/ACRE
ARKANSAS,"RICE, LONG GRAIN","RICE, LONG GRAIN - YIELD, MEASURED IN LB / ACRE",3.775,TON/ACRE
ARKANSAS,"RICE, MEDIUM GRAIN","RICE, MEDIUM GRAIN - YIELD, MEASURED IN LB / ACRE",3.58,TON/ACRE
ARKANSAS,"RICE, SHORT GRAIN","RICE, SHORT GRAIN - YIELD, MEASURED IN LB / ACRE",3.0,TON/ACRE
ARKANSAS,SOYBEANS,"SOYBEANS - YIELD, MEASURED IN BU / ACRE",1.372,TON/ACRE
ARKANSAS,WHEAT,"WHEAT - YIELD, MEASURED IN BU / ACRE",1.456,TON/ACRE
ARKANSAS,"WHEAT, WINTER","WHEAT, WINTER - YIELD, MEASURED IN BU / ACRE",1.456,TON/ACRE
CALIFORNIA,ALMONDS,"ALMONDS, UTILIZED - YIELD, MEASURED IN LB / ACRE",1.085,TON/ACRE
CALIFORNIA,APPLES,"APPLES - YIELD, MEASURED IN LB / ACRE",10.1,TON/ACRE
CALIFORNIA,APRICOTS,"APRICOTS - YIELD, MEASURED IN TONS / ACRE",5.95,TON/ACRE
CALIFORNIA,ARTICHOKES,"ARTICHOKES - YIELD, MEASURED IN CWT / ACRE",8.75,TON/ACRE
CALIFORNIA,ASPARAGUS,"ASPARAGUS - YIELD, MEASURED IN CWT / ACRE",1.75,TON/ACRE
CALIFORNIA,AVOCADOS,"AVOCADOS - YIELD, MEASURED IN TONS / ACRE",2.31,TON/ACRE
CALIFORNIA,BARLEY,"BARLEY - YIELD, MEASURED IN BU / ACRE",1.848,TON/ACRE
CALIFORNIA,"BEANS, DRY EDIBLE, (EXCL CHICKPEAS)","BEANS, DRY EDIBLE, (EXCL CHICKPEAS) - YIELD, MEASURED IN LB / ACRE",1.305,TON/ACRE
CALIFORNIA,"BEANS, DRY EDIBLE, BLACKEYE","BEANS, DRY EDIBLE, BLACKEYE - YIELD, MEASURED IN LB / ACRE",1.315,TON/ACRE
CALIFORNIA,"BEANS, DRY EDIBLE, CRANBERRY","BEANS, DRY EDIBLE, CRANBERRY - YIELD, MEASURED IN LB / ACRE",1.1500000000000001,TON/ACRE
CALIFORNIA,"BEANS, DRY EDIBLE, LIMA, BABY","BEANS, DRY EDIBLE, LIMA, BABY - YIELD, MEASURED IN LB / ACRE",1.465,TON/ACRE
CALIFORNIA,"BEANS, DRY EDIBLE, LIMA, LARGE","BEANS, DRY EDIBLE, LIMA, LARGE - YIELD, MEASURED IN LB / ACRE",1.175,TON/ACRE
CALIFORNIA,"BEANS, DRY EDIBLE, OTHER, NOT LISTED","BEANS, DRY EDIBLE, OTHER, NOT LISTED - YIELD, MEASURED IN LB / ACRE",1.285,TON/ACRE
CALIFORNIA,"BEANS, SNAP","BEANS, SNAP - YIELD, MEASURED IN CWT / ACRE",4.75,TON/ACRE
CALIFORNIA,"BLUEBERRIES, TAME","BLUEBERRIES, TAME - YIELD, MEASURED IN LB / ACRE",5.05,TON/ACRE
CALIFORNIA,BROCCOLI,"BROCCOLI - YIELD, MEASURED IN CWT / ACRE",8.0,TON/ACRE
CALIFORNIA,CABBAGE,"CABBAGE - YIELD, MEASURED IN CWT / ACRE",20.5,TON/ACRE
CALIFORNIA,CARROTS,"CARROTS - YIELD, MEASURED IN CWT / ACRE",18.75,TON/ACRE
CALIFORNIA,CAULIFLOWER,"CAULIFLOWER - YIELD, MEASURED IN CWT / ACRE",11.5,TON/ACRE
CALIFORNIA,CELERY,"CELERY - YIELD, MEASURED IN CWT / ACRE",27.5,TON/ACRE
CALIFORNIA,"CHERRIES, SWEET","CHERRIES, SWEET - YIELD, MEASURED IN TONS / ACRE",1.86,TON/ACRE
CALIFORNIA,CHICKPEAS,"CHICKPEAS - YIELD, MEASURED IN LB / ACRE",1.345,TON/ACRE
CALIFORNIA,"CORN, GRAIN","CORN, GRAIN - YIELD, MEASURED IN BU / ACRE",4.704,TON/ACRE
CALIFORNIA,"CORN, SILAGE","CORN, SILAGE - YIELD, MEASURED IN TONS / ACRE",27.0,TON/ACRE
CALIFORNIA,COTTON,"COTTON - YIELD, MEASURED IN LB / ACRE",0.7755,TON/ACRE
CALIFORNIA,"COTTON, PIMA","COTTON, PIMA - YIELD, MEASURED IN LB / ACRE",0.7725,TON/ACRE
CALIFORNIA,"COTTON, UPLAND","COTTON, UPLAND - YIELD, MEASURED IN LB / ACRE",0.788,TON/ACRE
CALIFORNIA,CUCUMBERS,"CUCUMBERS - YIELD, MEASURED IN CWT / ACRE",8.0,TON/ACRE
CALIFORNIA,DATES,"DATES - YIELD, MEASURED IN TONS / ACRE",4.23,TON/ACRE
CALIFORNIA,GARLIC,"GARLIC - YIELD, MEASURED IN CWT / ACRE",7.25,TON/ACRE
CALIFORNIA,GRAPEFRUIT,"GRAPEFRUIT - YIELD, MEASURED IN BOXES / ACRE",7.752000000000001,TON/ACRE
CALIFORNIA,GRAPES,"GRAPES - YIELD, MEASURED IN TONS / ACRE",7.64,TON/ACRE
CALIFORNIA,"GRAPES, RAISIN TYPE","GRAPES, RAISIN TYPE - YIELD, MEASURED IN TONS / ACRE",9.26,TON/ACRE
CALIFORNIA,"GRAPES, TABLE TYPE","GRAPES, TABLE TYPE - YIELD, MEASURED IN TONS / ACRE",9.83,TON/ACRE
CALIFORNIA,"GRAPES, WINE TYPE","GRAPES, WINE TYPE - YIELD, MEASURED IN TONS / ACRE",6.78,TON/ACRE
CALIFORNIA,HAY,"HAY - YIELD, MEASURED IN TONS / ACRE",5.74,TON/ACRE
CALIFORNIA,"HAY, (EXCL ALFALFA)","HAY, (EXCL ALFALFA) - YIELD, MEASURED IN TONS / ACRE",3.9,TON/ACRE
CALIFORNIA,"HAY, ALFALFA","HAY, ALFALFA - YIELD, MEASURED IN TONS / ACRE",7.1,TON/ACRE
CALIFORNIA,HAY & HAYLAGE,"HAY & HAYLAGE - YIELD, MEASURED IN TONS / ACRE, DRY BASIS",6.03,TON/ACRE
CALIFORNIA,"HAY & HAYLAGE, (EXCL ALFALFA)","HAY & HAYLAGE, (EXCL ALFALFA) - YIELD, MEASURED IN TONS / ACRE, DRY BASIS",4.91,TON/ACRE
CALIFORNIA,"HAY & HAYLAGE, ALFALFA","HAY & HAYLAGE, ALFALFA - YIELD, MEASURED IN TONS / ACRE, DRY BASIS",7.06,TON/ACRE
CALIFORNIA,HAYLAGE,"HAYLAGE - YIELD, MEASURED IN TONS / ACRE",12.19,TON/ACRE
CALIFORNIA,"HAYLAGE, (EXCL ALFALFA)","HAYLAGE, (EXCL ALFALFA) - YIELD, MEASURED IN TONS / ACRE",14.5,TON/ACRE
CALIFORNIA,"HAYLAGE, ALFALFA","HAYLAGE, ALFALFA - YIELD, MEASURED IN TONS / ACRE",6.4,TON/ACRE
CALIFORNIA,KIWIFRUIT,"KIWIFRUIT - YIELD, MEASURED IN TONS / ACRE",8.3,TON/ACRE
CALIFORNIA,LEMONS,"LEMONS - YIELD, MEASURED IN BOXES / ACRE",9.196,TON/ACRE
CALIFORNIA,"LETTUCE, HEAD","LETTUCE, HEAD - YIELD, MEASURED IN CWT / ACRE",18.75,TON/ACRE
CALIFORNIA,"LETTUCE, LEAF","LETTUCE, LEAF - YIELD, MEASURED IN CWT / ACRE",10.75,TON/ACRE
CALIFORNIA,"LETTUCE, ROMAINE","LETTUCE, ROMAINE - YIELD, MEASURED IN CWT / ACRE",15.25,TON/ACRE
CALIFORNIA,"MELONS, CANTALOUP","MELONS, CANTALOUP - YIELD, MEASURED IN CWT / ACRE",12.25,TON/ACRE
CALIFORNIA,"MELONS, HONEYDEW","MELONS, HONEYDEW - YIELD, MEASURED IN CWT / ACRE",12.75,TON/ACRE
CALIFORNIA,"MELONS, WATERMELON","MELONS, WATERMELON - YIELD, MEASURED IN CWT / ACRE",24.75,TON/ACRE
CALIFORNIA,NECTARINES,"NECTARINES - YIELD, MEASURED IN TONS / ACRE",8.65,TON/ACRE
CALIFORNIA,OATS,"OATS - YIELD, MEASURED IN BU / ACRE",1.68,TON/ACRE
CALIFORNIA,OLIVES,"OLIVES - YIELD, MEASURED IN TONS / ACRE",4.47,TON/ACRE
CALIFORNIA,"ONIONS, DRY","ONIONS, DRY - YIELD, MEASURED IN CWT / ACRE",21.0,TON/ACRE
CALIFORNIA,ORANGES,"ORANGES - YIELD, MEASURED IN BOXES / ACRE",7.03,TON/ACRE
CALIFORNIA,"ORANGES, MID & NAVEL","ORANGES, MID & NAVEL - YIELD, MEASURED IN BOXES / ACRE",7.068,TON/ACRE
CALIFORNIA,"ORANGES, VALENCIA","ORANGES, VALENCIA - YIELD, MEASURED IN BOXES / ACRE",6.9159999999999995,TON/ACRE
CALIFORNIA,PEACHES,"PEACHES - YIELD, MEASURED IN TONS / ACRE",13.9,TON/ACRE
CALIFORNIA,"PEACHES, CLINGSTONE","PEACHES, CLINGSTONE - YIELD, MEASURED IN TONS / ACRE",16.9,TON/ACRE
CALIFORNIA,"PEACHES, FREESTONE","PEACHES, FREESTONE - YIELD, MEASURED IN TONS / ACRE",11.7,TON/ACRE
CALIFORNIA,PEARS,"PEARS - YIELD, MEASURED IN TONS / ACRE",16.3,TON/ACRE
CALIFORNIA,"PEPPERS, BELL","PEPPERS, BELL - YIELD, MEASURED IN CWT / ACRE",18.0,TON/ACRE
CALIFORNIA,"PEPPERS, CHILE","PEPPERS, CHILE - YIELD, MEASURED IN CWT / ACRE",12.75,TON/ACRE
CALIFORNIA,PISTACHIOS,"PISTACHIOS, UTILIZED - YIELD, MEASURED IN LB / ACRE",1.09,TON/ACRE
CALIFORNIA,PLUMS,"PLUMS - YIELD, MEASURED IN TONS / ACRE",6.77,TON/ACRE
CALIFORNIA,POTATOES,"POTATOES - YIELD, MEASURED IN CWT / ACRE",21.0,TON/ACRE
CALIFORNIA,PRUNES,"PRUNES - YIELD, MEASURED IN TONS / ACRE, DRY BASIS",2.02,TON/ACRE
CALIFORNIA,PUMPKINS,"PUMPKINS - YIELD, MEASURED IN CWT / ACRE",12.75,TON/ACRE
CALIFORNIA,RASPBERRIES,"RASPBERRIES - YIELD, MEASURED IN LB / ACRE",9.55,TON/ACRE
CALIFORNIA,RICE,"RICE - YIELD, MEASURED IN LB / ACRE",4.23,TON/ACRE
CALIFORNIA,"RICE, LONG GRAIN","RICE, LONG GRAIN - YIELD, MEASURED IN LB / ACRE",3.65,TON/ACRE
CALIFORNIA,"RICE, MEDIUM GRAIN","RICE, MEDIUM GRAIN - YIELD, MEASURED IN LB / ACRE",4.29,TON/ACRE
CALIFORNIA,"RICE, SHORT GRAIN","RICE, SHORT GRAIN - YIELD, MEASURED IN LB / ACRE",3.54,TON/ACRE
CALIFORNIA,SAFFLOWER,"SAFFLOWER - YIELD, MEASURED IN LB / ACRE",0.975,TON/ACRE
CALIFORNIA,SPINACH,"SPINACH - YIELD, MEASURED IN CWT / ACRE",7.0,TON/ACRE
CALIFORNIA,SQUASH,"SQUASH - YIELD, MEASURED IN CWT / ACRE",10.0,TON/ACRE
CALIFORNIA,STRAWBERRIES,"STRAWBERRIES - YIELD, MEASURED IN CWT / ACRE",30.5,TON/ACRE
CALIFORNIA,SUGARBEETS,"SUGARBEETS - YIELD, MEASURED IN TONS / ACRE",45.4,TON/ACRE
CALIFORNIA,SUNFLOWER,"SUNFLOWER - YIELD, MEASURED IN LB / ACRE",0.6985,TON/ACRE
CALIFORNIA,"SUNFLOWER, NON","SUNFLOWER, NON-OIL TYPE - YIELD, MEASURED IN LB / ACRE",0.65,TON/ACRE
CALIFORNIA,"SUNFLOWER, OIL TYPE","SUNFLOWER, OIL TYPE - YIELD, MEASURED IN LB / ACRE",0.7000000000000001,TON/ACRE
CALIFORNIA,SWEET CORN,"SWEET CORN - YIELD, MEASURED IN CWT / ACRE",9.0,TON/ACRE
CALIFORNIA,SWEET POTATOES,"SWEET POTATOES - YIELD, MEASURED IN CWT / ACRE",19.0,TON/ACRE
CALIFORNIA,TANGERINES,"TANGERINES - YIELD, MEASURED IN BOXES / ACRE",5.425000000000001,TON/ACRE
CALIFORNIA,"TOMATOES, IN THE OPEN","TOMATOES, IN THE OPEN - YIELD, MEASURED IN CWT / ACRE",46.75,TON/ACRE
CALIFORNIA,"TOMATOES, IN THE OPEN, PROCESSING","TOMATOES, IN THE OPEN, PROCESSING - YIELD, MEASURED IN TONS / ACRE",49.06,TON/ACRE
CALIFORNIA,"WALNUTS, ENGLISH","WALNUTS, ENGLISH, UTILIZED, IN SHELL - YIELD, MEASURED IN TONS / ACRE",1.8,TON/ACRE
CALIFORNIA,WHEAT,"WHEAT - YIELD, MEASURED IN BU / ACRE",1.6632,TON/ACRE
CALIFORNIA,"WHEAT, SPRING, DURUM","WHEAT, SPRING, DURUM - YIELD, MEASURED IN BU / ACRE",2.856,TON/ACRE
CALIFORNIA,"WHEAT, WINTER","WHEAT, WINTER - YIELD, MEASURED IN BU / ACRE",1.4000000000000001,TON/ACRE
COLORADO,BARLEY,"BARLEY - YIELD, MEASURED IN BU / ACRE",3.864,TON/ACRE
COLORADO,"BEANS, DRY EDIBLE, (EXCL CHICKPEAS)","BEANS, DRY EDIBLE, (EXCL CHICKPEAS) - YIELD, MEASURED IN LB / ACRE",0.915,TON/ACRE
COLORADO,"BEANS, DRY EDIBLE, LIGHT, RED, KIDNEY","BEANS, DRY EDIBLE, LIGHT, RED, KIDNEY - YIELD, MEASURED IN LB / ACRE",1.415,TON/ACRE
COLORADO,"BEANS, DRY EDIBLE, OTHER, NOT LISTED","BEANS, DRY EDIBLE, OTHER, NOT LISTED - YIELD, MEASURED IN LB / ACRE",1.31,TON/ACRE
COLORADO,"BEANS, DRY EDIBLE, PINTO","BEANS, DRY EDIBLE, PINTO - YIELD, MEASURED IN LB / ACRE",0.795,TON/ACRE
COLORADO,"CORN, GRAIN","CORN, GRAIN - YIELD, MEASURED IN BU / ACRE",3.444,TON/ACRE
COLORADO,"CORN, SILAGE","CORN, SILAGE - YIELD, MEASURED IN TONS / ACRE",24.0,TON/ACRE
COLORADO,HAY,"HAY - YIELD, MEASURED IN TONS / ACRE",2.79,TON/ACRE
COLORADO,"HAY, (EXCL ALFALFA)","HAY, (EXCL ALFALFA) - YIELD, MEASURED IN TONS / ACRE",1.85,TON/ACRE
COLORADO,"HAY, ALFALFA","HAY, ALFALFA - YIELD, MEASURED IN TONS / ACRE",3.7,TON/ACRE
COLORADO,"MILLET, PROSO","MILLET, PROSO - YIELD, MEASURED IN BU / ACRE",1.036,TON/ACRE
COLORADO,"ONIONS, DRY","ONIONS, DRY - YIELD, MEASURED IN CWT / ACRE",21.25,TON/ACRE
COLORADO,PEACHES,"PEACHES - YIELD, MEASURED IN TONS / ACRE",5.71,TON/ACRE
COLORADO,POTATOES,"POTATOES - YIELD, MEASURED IN CWT / ACRE",19.3,TON/ACRE
COLORADO,"SORGHUM, GRAIN","SORGHUM, GRAIN - YIELD, MEASURED IN BU / ACRE",1.1480000000000001,TON/ACRE
COLORADO,"SORGHUM, SILAGE","SORGHUM, SILAGE - YIELD, MEASURED IN TONS / ACRE",17.0,TON/ACRE
COLORADO,SUGARBEETS,"SUGARBEETS - YIELD, MEASURED IN TONS / ACRE",30.7,TON/ACRE
COLORADO,SUNFLOWER,"SUNFLOWER - YIELD, MEASURED IN LB / ACRE",0.537,TON/ACRE
COLORADO,"SUNFLOWER, NON","SUNFLOWER, NON-OIL TYPE - YIELD, MEASURED IN LB / ACRE",0.7000000000000001,TON/ACRE
COLORADO,"SUNFLOWER, OIL TYPE","SUNFLOWER, OIL TYPE - YIELD, MEASURED IN LB / ACRE",0.5,TON/ACRE
COLORADO,WHEAT,"WHEAT - YIELD, MEASURED IN BU / ACRE",1.372,TON/ACRE
COLORADO,"WHEAT, WINTER","WHEAT, WINTER - YIELD, MEASURED IN BU / ACRE",1.372,TON/ACRE
CONNECTICUT,"CORN, SILAGE","CORN, SILAGE - YIELD, MEASURED IN TONS / ACRE",21.0,TON/ACRE
CONNECTICUT,HAY,"HAY - YIELD, MEASURED IN TONS / ACRE",1.72,TON/ACRE
CONNECTICUT,"HAY, (EXCL ALFALFA)","HAY, (EXCL ALFALFA) - YIELD, MEASURED IN TONS / ACRE",1.7,TON/ACRE
CONNECTICUT,"HAY, ALFALFA","HAY, ALFALFA - YIELD, MEASURED IN TONS / ACRE",1.9,TON/ACRE
DELAWARE,BARLEY,"BARLEY - YIELD, MEASURED IN BU / ACRE",2.24,TON/ACRE
DELAWARE,"CORN, GRAIN","CORN, GRAIN - YIELD, MEASURED IN BU / ACRE",4.508,TON/ACRE
DELAWARE,"CORN, GRAIN, IRRIGATED","CORN, GRAIN, IRRIGATED - YIELD, MEASURED IN BU / ACRE",5.32,TON/ACRE
DELAWARE,"CORN, GRAIN, NON","CORN, GRAIN, NON-IRRIGATED - YIELD, MEASURED IN BU / ACRE",3.7128,TON/ACRE
DELAWARE,"CORN, SILAGE","CORN, SILAGE - YIELD, MEASURED IN TONS / ACRE",23.0,TON/ACRE
DELAWARE,HAY,"HAY - YIELD, MEASURED IN TONS / ACRE",2.21,TON/ACRE
DELAWARE,"HAY, (EXCL ALFALFA)","HAY, (EXCL ALFALFA) - YIELD, MEASURED IN TONS / ACRE",2.0,TON/ACRE
DELAWARE,"HAY, ALFALFA","HAY, ALFALFA - YIELD, MEASURED IN TONS / ACRE",3.0,TON/ACRE
DELAWARE,SOYBEANS,"SOYBEANS - YIELD, MEASURED IN BU / ACRE",1.316,TON/ACRE
DELAWARE,"SOYBEANS, IRRIGATED","SOYBEANS, IRRIGATED - YIELD, MEASURED IN BU / ACRE",1.5372,TON/ACRE
DELAWARE,"SOYBEANS, NON","SOYBEANS, NON-IRRIGATED - YIELD, MEASURED IN BU / ACRE",1.2124,TON/ACRE
DELAWARE,WHEAT,"WHEAT - YIELD, MEASURED IN BU / ACRE",2.016,TON/ACRE
DELAWARE,"WHEAT, WINTER","WHEAT, WINTER - YIELD, MEASURED IN BU / ACRE",2.016,TON/ACRE
FLORIDA,AVOCADOS,"AVOCADOS - YIELD, MEASURED IN TONS / ACRE",4.23,TON/ACRE
FLORIDA,"BEANS, SNAP","BEANS, SNAP - YIELD, MEASURED IN CWT / ACRE",3.35,TON/ACRE
FLORIDA,"BLUEBERRIES, TAME","BLUEBERRIES, TAME - YIELD, MEASURED IN LB / ACRE",2.37,TON/ACRE
FLORIDA,CABBAGE,"CABBAGE - YIELD, MEASURED IN CWT / ACRE",18.0,TON/ACRE
FLORIDA,"CORN, GRAIN","CORN, GRAIN - YIELD, MEASURED IN BU / ACRE",4.508,TON/ACRE
FLORIDA,"CORN, SILAGE","CORN, SILAGE - YIELD, MEASURED IN TONS / ACRE",20.0,TON/ACRE
FLORIDA,COTTON,"COTTON - YIELD, MEASURED IN LB / ACRE",0.4475,TON/ACRE
FLORIDA,"COTTON, UPLAND","COTTON, UPLAND - YIELD, MEASURED IN LB / ACRE",0.4475,TON/ACRE
FLORIDA,CUCUMBERS,"CUCUMBERS - YIELD, MEASURED IN CWT / ACRE",7.25,TON/ACRE
FLORIDA,GRAPEFRUIT,"GRAPEFRUIT - YIELD, MEASURED IN BOXES / ACRE",3.64,TON/ACRE
FLORIDA,"GRAPEFRUIT, RED SEEDLESS","GRAPEFRUIT, RED SEEDLESS - YIELD, MEASURED IN BOXES / ACRE",3.66,TON/ACRE
FLORIDA,"GRAPEFRUIT, WHITE SEEDLESS","GRAPEFRUIT, WHITE SEEDLESS - YIELD, MEASURED IN BOXES / ACRE",3.58,TON/ACRE
FLORIDA,HAY,"HAY - YIELD, MEASURED IN TONS / ACRE",2.9,TON/ACRE
FLORIDA,"HAY, (EXCL ALFALFA)","HAY, (EXCL ALFALFA) - YIELD, MEASURED IN TONS / ACRE",2.9,TON/ACRE
FLORIDA,"MELONS, CANTALOUP","MELONS, CANTALOUP - YIELD, MEASURED IN CWT / ACRE",10.5,TON/ACRE
FLORIDA,"MELONS, WATERMELON","MELONS, WATERMELON - YIELD, MEASURED IN CWT / ACRE",17.5,TON/ACRE
FLORIDA,ORANGES,"ORANGES - YIELD, MEASURED IN BOXES / ACRE",4.3645000000000005,TON/ACRE
FLORIDA,"ORANGES, MID & NAVEL","ORANGES, MID & NAVEL - YIELD, MEASURED IN BOXES / ACRE",4.3645000000000005,TON/ACRE
FLORIDA,"ORANGES, VALENCIA","ORANGES, VALENCIA - YIELD, MEASURED IN BOXES / ACRE",4.3645000000000005,TON/ACRE
FLORIDA,PEANUTS,"PEANUTS - YIELD, MEASURED IN LB / ACRE",1.9000000000000001,TON/ACRE
FLORIDA,"PEPPERS, BELL","PEPPERS, BELL - YIELD, MEASURED IN CWT / ACRE",14.5,TON/ACRE
FLORIDA,POTATOES,"POTATOES - YIELD, MEASURED IN CWT / ACRE",13.75,TON/ACRE
FLORIDA,SQUASH,"SQUASH - YIELD, MEASURED IN CWT / ACRE",5.75,TON/ACRE
FLORIDA,STRAWBERRIES,"STRAWBERRIES - YIELD, MEASURED IN CWT / ACRE",12.75,TON/ACRE
FLORIDA,"SUGARCANE, SEED","SUGARCANE, SEED - YIELD, MEASURED IN TONS / ACRE",47.6,TON/ACRE
FLORIDA,"SUGARCANE, SUGAR & SEED","SUGARCANE, SUGAR & SEED - YIELD, MEASURED IN TONS / ACRE",43.0,TON/ACRE
FLORIDA,"SUGARCANE, SUGAR","SUGARCANE, SUGAR - YIELD, MEASURED IN TONS / ACRE",42.8,TON/ACRE
FLORIDA,SWEET CORN,"SWEET CORN - YIELD, MEASURED IN CWT / ACRE",5.75,TON/ACRE
FLORIDA,TANGERINES,"TANGERINES - YIELD, MEASURED IN BOXES / ACRE",2.5585,TON/ACRE
FLORIDA,"TOMATOES, IN THE OPEN","TOMATOES, IN THE OPEN - YIELD, MEASURED IN CWT / ACRE",13.0,TON/ACRE
GEORGIA,"BEANS, SNAP","BEANS, SNAP - YIELD, MEASURED IN CWT / ACRE",3.0,TON/ACRE
GEORGIA,"BLUEBERRIES, TAME","BLUEBERRIES, TAME - YIELD, MEASURED IN LB / ACRE",2.85,TON/ACRE
GEORGIA,CABBAGE,"CABBAGE - YIELD, MEASURED IN CWT / ACRE",20.0,TON/ACRE
GEORGIA,"CORN, GRAIN","CORN, GRAIN - YIELD, MEASURED IN BU / ACRE",4.48,TON/ACRE
GEORGIA,"CORN, SILAGE","CORN, SILAGE - YIELD, MEASURED IN TONS / ACRE",22.0,TON/ACRE
GEORGIA,COTTON,"COTTON - YIELD, MEASURED IN LB / ACRE",0.47650000000000003,TON/ACRE
GEORGIA,"COTTON, UPLAND","COTTON, UPLAND - YIELD, MEASURED IN LB / ACRE",0.47650000000000003,TON/ACRE
GEORGIA,CUCUMBERS,"CUCUMBERS - YIELD, MEASURED IN CWT / ACRE",10.0,TON/ACRE
GEORGIA,HAY,"HAY - YIELD, MEASURED IN TONS / ACRE",2.75,TON/ACRE
GEORGIA,"HAY, (EXCL ALFALFA)","HAY, (EXCL ALFALFA) - YIELD, MEASURED IN TONS / ACRE",2.75,TON/ACRE
GEORGIA,"MELONS, CANTALOUP","MELONS, CANTALOUP - YIELD, MEASURED IN CWT / ACRE",13.25,TON/ACRE
GEORGIA,"MELONS, WATERMELON","MELONS, WATERMELON - YIELD, MEASURED IN CWT / ACRE",20.0,TON/ACRE
GEORGIA,OATS,"OATS - YIELD, MEASURED IN BU / ACRE",1.54,TON/ACRE
GEORGIA,"ONIONS, DRY","ONIONS, DRY - YIELD, MEASURED IN CWT / ACRE",16.0,TON/ACRE
GEORGIA,PEACHES,"PEACHES - YIELD, MEASURED IN TONS / ACRE",4.6,TON/ACRE
GEORGIA,PEANUTS,"PEANUTS - YIELD, MEASURED IN LB / ACRE",2.085,TON/ACRE
GEORGIA,PECANS,"PECANS - YIELD, MEASURED IN LB / ACRE",0.28300000000000003,TON/ACRE
GEORGIA,"PEPPERS, BELL","PEPPERS, BELL - YIELD, MEASURED IN CWT / ACRE",15.5,TON/ACRE
GEORGIA,SOYBEANS,"SOYBEANS - YIELD, MEASURED IN BU / ACRE",0.812,TON/ACRE
GEORGIA,SQUASH,"SQUASH - YIELD, MEASURED IN CWT / ACRE",6.0,TON/ACRE
GEORGIA,SWEET CORN,"SWEET CORN - YIELD, MEASURED IN CWT / ACRE",6.0,TON/ACRE
GEORGIA,TOBACCO,"TOBACCO - YIELD, MEASURED IN LB / ACRE",1.05,TON/ACRE
GEORGIA,"TOBACCO, FLUE","TOBACCO, FLUE-CURED (CLASS 1) - YIELD, MEASURED IN LB / ACRE",1.05,TON/ACRE
GEORGIA,WHEAT,"WHEAT - YIELD, MEASURED IN BU / ACRE",1.568,TON/ACRE
GEORGIA,"WHEAT, WINTER","WHEAT, WINTER - YIELD, MEASURED IN BU / ACRE",1.568,TON/ACRE
HAWAII,AVOCADOS,"AVOCADOS - YIELD, MEASURED IN TONS / ACRE",1.0,TON/ACRE
HAWAII,COFFEE,"COFFEE - YIELD, MEASURED IN LB / ACRE, CHERRY BASIS",1.9205,TON/ACRE
HAWAII,MACADAMIAS,"MACADAMIAS, UTILIZED - YIELD, MEASURED IN LB / ACRE",1.205,TON/ACRE
HAWAII,PAPAYAS,"PAPAYAS - YIELD, MEASURED IN LB / ACRE",8.5,TON/ACRE
IDAHO,BARLEY,"BARLEY - YIELD, MEASURED IN BU / ACRE",2.912,TON/ACRE
IDAHO,"BEANS, DRY EDIBLE, (EXCL CHICKPEAS)","BEANS, DRY EDIBLE, (EXCL CHICKPEAS) - YIELD, MEASURED IN LB / ACRE",1.17,TON/ACRE
IDAHO,"BEANS, DRY EDIBLE, BLACK","BEANS, DRY EDIBLE, BLACK - YIELD, MEASURED IN LB / ACRE",1.405,TON/ACRE
IDAHO,"BEANS, DRY EDIBLE, CRANBERRY","BEANS, DRY EDIBLE, CRANBERRY - YIELD, MEASURED IN LB / ACRE",1.1300000000000001,TON/ACRE
IDAHO,"BEANS, DRY EDIBLE, DARK, RED, KIDNEY","BEANS, DRY EDIBLE, DARK, RED, KIDNEY - YIELD, MEASURED IN LB / ACRE",1.085,TON/ACRE
IDAHO,"BEANS, DRY EDIBLE, GREAT NORTHERN","BEANS, DRY EDIBLE, GREAT NORTHERN - YIELD, MEASURED IN LB / ACRE",1.115,TON/ACRE
IDAHO,"BEANS, DRY EDIBLE, LIGHT, RED, KIDNEY","BEANS, DRY EDIBLE, LIGHT, RED, KIDNEY - YIELD, MEASURED IN LB / ACRE",1.125,TON/ACRE
IDAHO,"BEANS, DRY EDIBLE, OTHER, NOT LISTED","BEANS, DRY EDIBLE, OTHER, NOT LISTED - YIELD, MEASURED IN LB / ACRE",0.995,TON/ACRE
IDAHO,"BEANS, DRY EDIBLE, PINK","BEANS, DRY EDIBLE, PINK - YIELD, MEASURED IN LB / ACRE",1.19,TON/ACRE
IDAHO,"BEANS, DRY EDIBLE, PINTO","BEANS, DRY EDIBLE, PINTO - YIELD, MEASURED IN LB / ACRE",1.245,TON/ACRE
IDAHO,"BEANS, DRY EDIBLE, SMALL, RED","BEANS, DRY EDIBLE, SMALL, RED - YIELD, MEASURED IN LB / ACRE",1.095,TON/ACRE
IDAHO,"BEANS, DRY EDIBLE, SMALL, WHITE","BEANS, DRY EDIBLE, SMALL, WHITE - YIELD, MEASURED IN LB / ACRE",0.9450000000000001,TON/ACRE
IDAHO,CHICKPEAS,"CHICKPEAS - YIELD, MEASURED IN LB / ACRE",0.72,TON/ACRE
IDAHO,"CHICKPEAS, LARGE","CHICKPEAS, LARGE - YIELD, MEASURED IN LB / ACRE",0.73,TON/ACRE
IDAHO,"CHICKPEAS, SMALL","CHICKPEAS, SMALL - YIELD, MEASURED IN LB / ACRE",0.68,TON/ACRE
IDAHO,"CORN, GRAIN","CORN, GRAIN - YIELD, MEASURED IN BU / ACRE",5.74,TON/ACRE
IDAHO,"CORN, SILAGE","CORN, SILAGE - YIELD, MEASURED IN TONS / ACRE",28.0,TON/ACRE
IDAHO,HAY,"HAY - YIELD, MEASURED IN TONS / ACRE",3.94,TON/ACRE
IDAHO,"HAY, (EXCL ALFALFA)","HAY, (EXCL ALFALFA) - YIELD, MEASURED IN TONS / ACRE",2.3,TON/ACRE
IDAHO,"HAY, ALFALFA","HAY, ALFALFA - YIELD, MEASURED IN TONS / ACRE",4.4,TON/ACRE
IDAHO,HAY & HAYLAGE,"HAY & HAYLAGE - YIELD, MEASURED IN TONS / ACRE, DRY BASIS",4.33,TON/ACRE
IDAHO,"HAY & HAYLAGE, (EXCL ALFALFA)","HAY & HAYLAGE, (EXCL ALFALFA) - YIELD, MEASURED IN TONS / ACRE, DRY BASIS",2.57,TON/ACRE
IDAHO,"HAY & HAYLAGE, ALFALFA","HAY & HAYLAGE, ALFALFA - YIELD, MEASURED IN TONS / ACRE, DRY BASIS",4.86,TON/ACRE
IDAHO,HAYLAGE,"HAYLAGE - YIELD, MEASURED IN TONS / ACRE",11.6,TON/ACRE
IDAHO,"HAYLAGE, (EXCL ALFALFA)","HAYLAGE, (EXCL ALFALFA) - YIELD, MEASURED IN TONS / ACRE",9.0,TON/ACRE
IDAHO,"HAYLAGE, ALFALFA","HAYLAGE, ALFALFA - YIELD, MEASURED IN TONS / ACRE",12.5,TON/ACRE
IDAHO,HOPS,"HOPS - YIELD, MEASURED IN LB / ACRE",1.0170000000000001,TON/ACRE
IDAHO,"HOPS, AMARILLO R, VGXP01","HOPS, AMARILLO R, VGXP01 - YIELD, MEASURED IN LB / ACRE",0.78,TON/ACRE
IDAHO,"HOPS, C/T/Z R","HOPS, C/T/Z R - YIELD, MEASURED IN LB / ACRE",1.5010000000000001,TON/ACRE
IDAHO,"HOPS, CALYPSO TM","HOPS, CALYPSO TM - YIELD, MEASURED IN LB / ACRE",0.9505,TON/ACRE
IDAHO,"HOPS, CASCADE","HOPS, CASCADE - YIELD, MEASURED IN LB / ACRE",0.9115,TON/ACRE
IDAHO,"HOPS, CHINOOK","HOPS, CHINOOK - YIELD, MEASURED IN LB / ACRE",1.1075,TON/ACRE
IDAHO,"HOPS, CITRA R, HBC 394","HOPS, CITRA R, HBC 394 - YIELD, MEASURED IN LB / ACRE",0.766,TON/ACRE
IDAHO,"HOPS, COMET","HOPS, COMET - YIELD, MEASURED IN LB / ACRE",0.985,TON/ACRE
IDAHO,"HOPS, CRYSTAL","HOPS, CRYSTAL - YIELD, MEASURED IN LB / ACRE",0.9855,TON/ACRE
IDAHO,"HOPS, EL DORADO R","HOPS, EL DORADO R - YIELD, MEASURED IN LB / ACRE",0.676,TON/ACRE
IDAHO,"HOPS, EUREKA! TM","HOPS, EUREKA! TM - YIELD, MEASURED IN LB / ACRE",1.1215,TON/ACRE
IDAHO,"HOPS, GALENA","HOPS, GALENA - YIELD, MEASURED IN LB / ACRE",0.8865000000000001,TON/ACRE
IDAHO,"HOPS, HALLERTAUER MITTELFRUHER","HOPS, HALLERTAUER MITTELFRUHER - YIELD, MEASURED IN LB / ACRE",0.6265000000000001,TON/ACRE
IDAHO,"HOPS, IDAHO 7 R","HOPS, IDAHO 7 R - YIELD, MEASURED IN LB / ACRE",1.281,TON/ACRE
IDAHO,"HOPS, MOSAIC R, HBC 369","HOPS, MOSAIC R, HBC 369 - YIELD, MEASURED IN LB / ACRE",1.1480000000000001,TON/ACRE
IDAHO,"HOPS, NORTHERN BREWER","HOPS, NORTHERN BREWER - YIELD, MEASURED IN LB / ACRE",0.7035,TON/ACRE
IDAHO,"HOPS, OTHER","HOPS, OTHER - YIELD, MEASURED IN LB / ACRE",0.9855,TON/ACRE
IDAHO,"HOPS, SAAZ","HOPS, SAAZ - YIELD, MEASURED IN LB / ACRE",0.3855,TON/ACRE
IDAHO,"HOPS, SIMCOE R, YCR 14","HOPS, SIMCOE R, YCR 14 - YIELD, MEASURED IN LB / ACRE",0.582,TON/ACRE
IDAHO,"HOPS, WILLAMETTE","HOPS, WILLAMETTE - YIELD, MEASURED IN LB / ACRE",0.8475,TON/ACRE
IDAHO,"HOPS, ZEUS","HOPS, ZEUS - YIELD, MEASURED IN LB / ACRE",1.336,TON/ACRE
IDAHO,LENTILS,"LENTILS - YIELD, MEASURED IN LB / ACRE",0.535,TON/ACRE
IDAHO,"MINT, PEPPERMINT, OIL","MINT, PEPPERMINT, OIL - YIELD, MEASURED IN LB / ACRE",0.06,TON/ACRE
IDAHO,"MINT, SPEARMINT, OIL","MINT, SPEARMINT, OIL - YIELD, MEASURED IN LB / ACRE",0.0725,TON/ACRE
IDAHO,OATS,"OATS - YIELD, MEASURED IN BU / ACRE",2.576,TON/ACRE
IDAHO,"ONIONS, DRY","ONIONS, DRY - YIELD, MEASURED IN CWT / ACRE",41.0,TON/ACRE
IDAHO,"PEAS, DRY EDIBLE","PEAS, DRY EDIBLE - YIELD, MEASURED IN LB / ACRE",0.985,TON/ACRE
IDAHO,POTATOES,"POTATOES - YIELD, MEASURED IN CWT / ACRE",21.25,TON/ACRE
IDAHO,SAFFLOWER,"SAFFLOWER - YIELD, MEASURED IN LB / ACRE",0.47000000000000003,TON/ACRE
IDAHO,SUGARBEETS,"SUGARBEETS - YIELD, MEASURED IN TONS / ACRE",39.0,TON/ACRE
IDAHO,WHEAT,"WHEAT - YIELD, MEASURED IN BU / ACRE",2.4584,TON/ACRE
IDAHO,"WHEAT, SPRING, (EXCL DURUM)","WHEAT, SPRING, (EXCL DURUM) - YIELD, MEASURED IN BU / ACRE",2.492,TON/ACRE
IDAHO,"WHEAT, SPRING, (EXCL DURUM), IRRIGATED","WHEAT, SPRING, (EXCL DURUM), IRRIGATED - YIELD, MEASURED IN BU / ACRE",3.3824,TON/ACRE
IDAHO,"WHEAT, SPRING, (EXCL DURUM), NON","WHEAT, SPRING, (EXCL DURUM), NON-IRRIGATED - YIELD, MEASURED IN BU / ACRE",1.4812,TON/ACRE
IDAHO,"WHEAT, SPRING, DURUM","WHEAT, SPRING, DURUM - YIELD, MEASURED IN BU / ACRE",2.436,TON/ACRE
IDAHO,"WHEAT, WINTER","WHEAT, WINTER - YIELD, MEASURED IN BU / ACRE",2.436,TON/ACRE
IDAHO,"WHEAT, WINTER, IRRIGATED","WHEAT, WINTER, IRRIGATED - YIELD, MEASURED IN BU / ACRE",3.36,TON/ACRE
IDAHO,"WHEAT, WINTER, NON","WHEAT, WINTER, NON-IRRIGATED - YIELD, MEASURED IN BU / ACRE",1.8312000000000002,TON/ACRE
ILLINOIS,"BEANS, SNAP","BEANS, SNAP - YIELD, MEASURED IN CWT / ACRE",3.7,TON/ACRE
ILLINOIS,"CORN, GRAIN","CORN, GRAIN - YIELD, MEASURED IN BU / ACRE",5.0680000000000005,TON/ACRE
ILLINOIS,"CORN, SILAGE","CORN, SILAGE - YIELD, MEASURED IN TONS / ACRE",20.0,TON/ACRE
ILLINOIS,HAY,"HAY - YIELD, MEASURED IN TONS / ACRE",2.73,TON/ACRE
ILLINOIS,"HAY, (EXCL ALFALFA)","HAY, (EXCL ALFALFA) - YIELD, MEASURED IN TONS / ACRE",2.0,TON/ACRE
ILLINOIS,"HAY, ALFALFA","HAY, ALFALFA - YIELD, MEASURED IN TONS / ACRE",3.5,TON/ACRE
ILLINOIS,HAY & HAYLAGE,"HAY & HAYLAGE - YIELD, MEASURED IN TONS / ACRE, DRY BASIS",2.88,TON/ACRE
ILLINOIS,"HAY & HAYLAGE, (EXCL ALFALFA)","HAY & HAYLAGE, (EXCL ALFALFA) - YIELD, MEASURED IN TONS / ACRE, DRY BASIS",2.07,TON/ACRE
ILLINOIS,"HAY & HAYLAGE, ALFALFA","HAY & HAYLAGE, ALFALFA - YIELD, MEASURED IN TONS / ACRE, DRY BASIS",3.68,TON/ACRE
ILLINOIS,HAYLAGE,"HAYLAGE - YIELD, MEASURED IN TONS / ACRE",5.96,TON/ACRE
ILLINOIS,"HAYLAGE, (EXCL ALFALFA)","HAYLAGE, (EXCL ALFALFA) - YIELD, MEASURED IN TONS / ACRE",3.7,TON/ACRE
ILLINOIS,"HAYLAGE, ALFALFA","HAYLAGE, ALFALFA - YIELD, MEASURED IN TONS / ACRE",7.4,TON/ACRE
ILLINOIS,OATS,"OATS - YIELD, MEASURED IN BU / ACRE",1.82,TON/ACRE
ILLINOIS,PUMPKINS,"PUMPKINS - YIELD, MEASURED IN CWT / ACRE",19.25,TON/ACRE
ILLINOIS,SOYBEANS,"SOYBEANS - YIELD, MEASURED IN BU / ACRE",1.512,TON/ACRE
ILLINOIS,SWEET CORN,"SWEET CORN - YIELD, MEASURED IN CWT / ACRE",7.75,TON/ACRE
ILLINOIS,WHEAT,"WHEAT - YIELD, MEASURED IN BU / ACRE",1.8760000000000001,TON/ACRE
ILLINOIS,"WHEAT, WINTER","WHEAT, WINTER - YIELD, MEASURED IN BU / ACRE",1.8760000000000001,TON/ACRE
INDIANA,"CORN, GRAIN","CORN, GRAIN - YIELD, MEASURED IN BU / ACRE",4.732,TON/ACRE
INDIANA,"CORN, SILAGE","CORN, SILAGE - YIELD, MEASURED IN TONS / ACRE",20.0,TON/ACRE
INDIANA,HAY,"HAY - YIELD, MEASURED IN TONS / ACRE",2.5,TON/ACRE
INDIANA,"HAY, (EXCL ALFALFA)","HAY, (EXCL ALFALFA) - YIELD, MEASURED IN TONS / ACRE",2.1,TON/ACRE
INDIANA,"HAY, ALFALFA","HAY, ALFALFA - YIELD, MEASURED IN TONS / ACRE",3.0,TON/ACRE
INDIANA,"MELONS, WATERMELON","MELONS, WATERMELON - YIELD, MEASURED IN CWT / ACRE",19.0,TON/ACRE
INDIANA,"MINT, PEPPERMINT, OIL","MINT, PEPPERMINT, OIL - YIELD, MEASURED IN LB / ACRE",0.024,TON/ACRE
INDIANA,"MINT, SPEARMINT, OIL","MINT, SPEARMINT, OIL - YIELD, MEASURED IN LB / ACRE",0.036000000000000004,TON/ACRE
INDIANA,PUMPKINS,"PUMPKINS - YIELD, MEASURED IN CWT / ACRE",12.25,TON/ACRE
INDIANA,SOYBEANS,"SOYBEANS - YIELD, MEASURED IN BU / ACRE",1.428,TON/ACRE
INDIANA,WHEAT,"WHEAT - YIELD, MEASURED IN BU / ACRE",1.736,TON/ACRE
INDIANA,"WHEAT, WINTER","WHEAT, WINTER - YIELD, MEASURED IN BU / ACRE",1.736,TON/ACRE
IOWA,"CORN, GRAIN","CORN, GRAIN - YIELD, MEASURED IN BU / ACRE",5.5440000000000005,TON/ACRE
IOWA,"CORN, SILAGE","CORN, SILAGE - YIELD, MEASURED IN TONS / ACRE",22.0,TON/ACRE
IOWA,HAY,"HAY - YIELD, MEASURED IN TONS / ACRE",3.06,TON/ACRE
IOWA,"HAY, (EXCL ALFALFA)","HAY, (EXCL ALFALFA) - YIELD, MEASURED IN TONS / ACRE",2.3,TON/ACRE
IOWA,"HAY, ALFALFA","HAY, ALFALFA - YIELD, MEASURED IN TONS / ACRE",3.4,TON/ACRE
IOWA,HAY & HAYLAGE,"HAY & HAYLAGE - YIELD, MEASURED IN TONS / ACRE, DRY BASIS",3.1,TON/ACRE
IOWA,"HAY & HAYLAGE, (EXCL ALFALFA)","HAY & HAYLAGE, (EXCL ALFALFA) - YIELD, MEASURED IN TONS / ACRE, DRY BASIS",2.3,TON/ACRE
IOWA,"HAY & HAYLAGE, ALFALFA","HAY & HAYLAGE, ALFALFA - YIELD, MEASURED IN TONS / ACRE, DRY BASIS",3.47,TON/ACRE
IOWA,HAYLAGE,"HAYLAGE - YIELD, MEASURED IN TONS / ACRE",5.74,TON/ACRE
IOWA,"HAYLAGE, (EXCL ALFALFA)","HAYLAGE, (EXCL ALFALFA) - YIELD, MEASURED IN TONS / ACRE",4.1,TON/ACRE
IOWA,"HAYLAGE, ALFALFA","HAYLAGE, ALFALFA - YIELD, MEASURED IN TONS / ACRE",6.6,TON/ACRE
IOWA,OATS,"OATS - YIELD, MEASURED IN BU / ACRE",1.624,TON/ACRE
IOWA,SOYBEANS,"SOYBEANS - YIELD, MEASURED IN BU / ACRE",1.54,TON/ACRE
KANSAS,BARLEY,"BARLEY - YIELD, MEASURED IN BU / ACRE",0.924,TON/ACRE
KANSAS,CANOLA,"CANOLA - YIELD, MEASURED IN LB / ACRE",0.545,TON/ACRE
KANSAS,"CORN, GRAIN","CORN, GRAIN - YIELD, MEASURED IN BU / ACRE",3.724,TON/ACRE
KANSAS,"CORN, SILAGE","CORN, SILAGE - YIELD, MEASURED IN TONS / ACRE",17.5,TON/ACRE
KANSAS,COTTON,"COTTON - YIELD, MEASURED IN LB / ACRE",0.4665,TON/ACRE
KANSAS,"COTTON, UPLAND","COTTON, UPLAND - YIELD, MEASURED IN LB / ACRE",0.4665,TON/ACRE
KANSAS,HAY,"HAY - YIELD, MEASURED IN TONS / ACRE",2.78,TON/ACRE
KANSAS,"HAY, (EXCL ALFALFA)","HAY, (EXCL ALFALFA) - YIELD, MEASURED IN TONS / ACRE",2.3,TON/ACRE
KANSAS,"HAY, ALFALFA","HAY, ALFALFA - YIELD, MEASURED IN TONS / ACRE",4.0,TON/ACRE
KANSAS,HAY & HAYLAGE,"HAY & HAYLAGE - YIELD, MEASURED IN TONS / ACRE, DRY BASIS",2.86,TON/ACRE
KANSAS,"HAY & HAYLAGE, (EXCL ALFALFA)","HAY & HAYLAGE, (EXCL ALFALFA) - YIELD, MEASURED IN TONS / ACRE, DRY BASIS",2.4,TON/ACRE
KANSAS,"HAY & HAYLAGE, ALFALFA","HAY & HAYLAGE, ALFALFA - YIELD, MEASURED IN TONS / ACRE, DRY BASIS",4.05,TON/ACRE
KANSAS,HAYLAGE,"HAYLAGE - YIELD, MEASURED IN TONS / ACRE",8.92,TON/ACRE
KANSAS,"HAYLAGE, (EXCL ALFALFA)","HAYLAGE, (EXCL ALFALFA) - YIELD, MEASURED IN TONS / ACRE",9.5,TON/ACRE
KANSAS,"HAYLAGE, ALFALFA","HAYLAGE, ALFALFA - YIELD, MEASURED IN TONS / ACRE",7.5,TON/ACRE
KANSAS,OATS,"OATS - YIELD, MEASURED IN BU / ACRE",1.792,TON/ACRE
KANSAS,"SORGHUM, GRAIN","SORGHUM, GRAIN - YIELD, MEASURED IN BU / ACRE",2.38,TON/ACRE
KANSAS,"SORGHUM, SILAGE","SORGHUM, SILAGE - YIELD, MEASURED IN TONS / ACRE",11.0,TON/ACRE
KANSAS,SOYBEANS,"SOYBEANS - YIELD, MEASURED IN BU / ACRE",1.162,TON/ACRE
KANSAS,SUNFLOWER,"SUNFLOWER - YIELD, MEASURED IN LB / ACRE",0.6865,TON/ACRE
KANSAS,"SUNFLOWER, NON","SUNFLOWER, NON-OIL TYPE - YIELD, MEASURED IN LB / ACRE",0.625,TON/ACRE
KANSAS,"SUNFLOWER, OIL TYPE","SUNFLOWER, OIL TYPE - YIELD, MEASURED IN LB / ACRE",0.7000000000000001,TON/ACRE
KANSAS,WHEAT,"WHEAT - YIELD, MEASURED IN BU / ACRE",1.456,TON/ACRE
KANSAS,"WHEAT, WINTER","WHEAT, WINTER - YIELD, MEASURED IN BU / ACRE",1.456,TON/ACRE
KANSAS,"WHEAT, WINTER, IRRIGATED","WHEAT, WINTER, IRRIGATED - YIELD, MEASURED IN BU / ACRE",1.9012000000000002,TON/ACRE
KANSAS,"WHEAT, WINTER, NON","WHEAT, WINTER, NON-IRRIGATED - YIELD, MEASURED IN BU / ACRE",1.4308,TON/ACRE
KENTUCKY,"CORN, GRAIN","CORN, GRAIN - YIELD, MEASURED IN BU / ACRE",4.732,TON/ACRE
KENTUCKY,"CORN, SILAGE","CORN, SILAGE - YIELD, MEASURED IN TONS / ACRE",21.0,TON/ACRE
KENTUCKY,HAY,"HAY - YIELD, MEASURED IN TONS / ACRE",2.28,TON/ACRE
KENTUCKY,"HAY, (EXCL ALFALFA)","HAY, (EXCL ALFALFA) - YIELD, MEASURED IN TONS / ACRE",2.2,TON/ACRE
KENTUCKY,"HAY, ALFALFA","HAY, ALFALFA - YIELD, MEASURED IN TONS / ACRE",3.2,TON/ACRE
KENTUCKY,SOYBEANS,"SOYBEANS - YIELD, MEASURED IN BU / ACRE",1.288,TON/ACRE
KENTUCKY,TOBACCO,"TOBACCO - YIELD, MEASURED IN LB / ACRE",1.0715000000000001,TON/ACRE
KENTUCKY,"TOBACCO, AIR","TOBACCO, AIR-CURED DARK (CLASS 3B) - YIELD, MEASURED IN LB / ACRE",1.3,TON/ACRE
KENTUCKY,"TOBACCO, FIRE","TOBACCO, FIRE-CURED (CLASS 2) - YIELD, MEASURED IN LB / ACRE",1.425,TON/ACRE
KENTUCKY,WHEAT,"WHEAT - YIELD, MEASURED IN BU / ACRE",2.128,TON/ACRE
KENTUCKY,"WHEAT, WINTER","WHEAT, WINTER - YIELD, MEASURED IN BU / ACRE",2.128,TON/ACRE
LOUISIANA,"CORN, GRAIN","CORN, GRAIN - YIELD, MEASURED IN BU / ACRE",4.62,TON/ACRE
LOUISIANA,"CORN, SILAGE","CORN, SILAGE - YIELD, MEASURED IN TONS / ACRE",19.0,TON/ACRE
LOUISIANA,COTTON,"COTTON - YIELD, MEASURED IN LB / ACRE",0.521,TON/ACRE
LOUISIANA,"COTTON, UPLAND","COTTON, UPLAND - YIELD, MEASURED IN LB / ACRE",0.521,TON/ACRE
LOUISIANA,HAY,"HAY - YIELD, MEASURED IN TONS / ACRE",2.5,TON/ACRE
LOUISIANA,"HAY, (EXCL ALFALFA)","HAY, (EXCL ALFALFA) - YIELD, MEASURED IN TONS / ACRE",2.5,TON/ACRE
LOUISIANA,RICE,"RICE - YIELD, MEASURED IN LB / ACRE",3.19,TON/ACRE
LOUISIANA,"RICE, LONG GRAIN","RICE, LONG GRAIN - YIELD, MEASURED IN LB / ACRE",3.19,TON/ACRE
LOUISIANA,"RICE, MEDIUM GRAIN","RICE, MEDIUM GRAIN - YIELD, MEASURED IN LB / ACRE",3.185,TON/ACRE
LOUISIANA,SOYBEANS,"SOYBEANS - YIELD, MEASURED IN BU / ACRE",1.344,TON/ACRE
LOUISIANA,"SUGARCANE, SEED","SUGARCANE, SEED - YIELD, MEASURED IN TONS / ACRE",34.0,TON/ACRE
LOUISIANA,"SUGARCANE, SUGAR & SEED","SUGARCANE, SUGAR & SEED - YIELD, MEASURED IN TONS / ACRE",28.1,TON/ACRE
LOUISIANA,"SUGARCANE, SUGAR","SUGARCANE, SUGAR - YIELD, MEASURED IN TONS / ACRE",27.7,TON/ACRE
MAINE,BARLEY,"BARLEY - YIELD, MEASURED IN BU / ACRE",2.2960000000000003,TON/ACRE
MAINE,"BLUEBERRIES, WILD","BLUEBERRIES, WILD - YIELD, MEASURED IN LB / ACRE",1.9000000000000001,TON/ACRE
MAINE,"CORN, SILAGE","CORN, SILAGE - YIELD, MEASURED IN TONS / ACRE",19.0,TON/ACRE
MAINE,HAY,"HAY - YIELD, MEASURED IN TONS / ACRE",2.15,TON/ACRE
MAINE,"HAY, (EXCL ALFALFA)","HAY, (EXCL ALFALFA) - YIELD, MEASURED IN TONS / ACRE",2.15,TON/ACRE
MAINE,"HAY, ALFALFA","HAY, ALFALFA - YIELD, MEASURED IN TONS / ACRE",2.1,TON/ACRE
MAINE,OATS,"OATS - YIELD, MEASURED IN BU / ACRE",2.128,TON/ACRE
MAINE,POTATOES,"POTATOES - YIELD, MEASURED IN CWT / ACRE",16.25,TON/ACRE
MARYLAND,BARLEY,"BARLEY - YIELD, MEASURED IN BU / ACRE",2.38,TON/ACRE
MARYLAND,"CORN, GRAIN","CORN, GRAIN - YIELD, MEASURED IN BU / ACRE",4.508,TON/ACRE
MARYLAND,"CORN, SILAGE","CORN, SILAGE - YIELD, MEASURED IN TONS / ACRE",22.0,TON/ACRE
MARYLAND,HAY,"HAY - YIELD, MEASURED IN TONS / ACRE",2.68,TON/ACRE
MARYLAND,"HAY, (EXCL ALFALFA)","HAY, (EXCL ALFALFA) - YIELD, MEASURED IN TONS / ACRE",2.5,TON/ACRE
MARYLAND,"HAY, ALFALFA","HAY, ALFALFA - YIELD, MEASURED IN TONS / ACRE",3.5,TON/ACRE
MARYLAND,SOYBEANS,"SOYBEANS - YIELD, MEASURED IN BU / ACRE",1.232,TON/ACRE
MARYLAND,WHEAT,"WHEAT - YIELD, MEASURED IN BU / ACRE",2.1,TON/ACRE
MARYLAND,"WHEAT, WINTER","WHEAT, WINTER - YIELD, MEASURED IN BU / ACRE",2.1,TON/ACRE
MASSACHUSETTS,"CORN, SILAGE","CORN, SILAGE - YIELD, MEASURED IN TONS / ACRE",20.0,TON/ACRE
MASSACHUSETTS,CRANBERRIES,"CRANBERRIES - YIELD, MEASURED IN BARRELS / ACRE",8.78,TON/ACRE
MASSACHUSETTS,HAY,"HAY - YIELD, MEASURED IN TONS / ACRE",2.25,TON/ACRE
MASSACHUSETTS,"HAY, (EXCL ALFALFA)","HAY, (EXCL ALFALFA) - YIELD, MEASURED IN TONS / ACRE",2.2,TON/ACRE
MASSACHUSETTS,"HAY, ALFALFA","HAY, ALFALFA - YIELD, MEASURED IN TONS / ACRE",2.7,TON/ACRE
MICHIGAN,APPLES,"APPLES - YIELD, MEASURED IN LB / ACRE",15.15,TON/ACRE
MICHIGAN,ASPARAGUS,"ASPARAGUS - YIELD, MEASURED IN CWT / ACRE",1.7000000000000002,TON/ACRE
MICHIGAN,BARLEY,"BARLEY - YIELD, MEASURED IN BU / ACRE",1.232,TON/ACRE
MICHIGAN,"BEANS, DRY EDIBLE, (EXCL CHICKPEAS)","BEANS, DRY EDIBLE, (EXCL CHICKPEAS) - YIELD, MEASURED IN LB / ACRE",1.02,TON/ACRE
MICHIGAN,"BEANS, DRY EDIBLE, BLACK","BEANS, DRY EDIBLE, BLACK - YIELD, MEASURED IN LB / ACRE",1.04,TON/ACRE
MICHIGAN,"BEANS, DRY EDIBLE, CRANBERRY","BEANS, DRY EDIBLE, CRANBERRY - YIELD, MEASURED IN LB / ACRE",0.8200000000000001,TON/ACRE
MICHIGAN,"BEANS, DRY EDIBLE, DARK, RED, KIDNEY","BEANS, DRY EDIBLE, DARK, RED, KIDNEY - YIELD, MEASURED IN LB / ACRE",0.525,TON/ACRE
MICHIGAN,"BEANS, DRY EDIBLE, LIGHT, RED, KIDNEY","BEANS, DRY EDIBLE, LIGHT, RED, KIDNEY - YIELD, MEASURED IN LB / ACRE",0.8250000000000001,TON/ACRE
MICHIGAN,"BEANS, DRY EDIBLE, NAVY","BEANS, DRY EDIBLE, NAVY - YIELD, MEASURED IN LB / ACRE",1.075,TON/ACRE
MICHIGAN,"BEANS, DRY EDIBLE, OTHER, NOT LISTED","BEANS, DRY EDIBLE, OTHER, NOT LISTED - YIELD, MEASURED IN LB / ACRE",0.67,TON/ACRE
MICHIGAN,"BEANS, DRY EDIBLE, PINTO","BEANS, DRY EDIBLE, PINTO - YIELD, MEASURED IN LB / ACRE",0.8200000000000001,TON/ACRE
MICHIGAN,"BEANS, DRY EDIBLE, SMALL, RED","BEANS, DRY EDIBLE, SMALL, RED - YIELD, MEASURED IN LB / ACRE",1.08,TON/ACRE
MICHIGAN,"BEANS, SNAP","BEANS, SNAP - YIELD, MEASURED IN CWT / ACRE",4.55,TON/ACRE
MICHIGAN,"BLUEBERRIES, TAME","BLUEBERRIES, TAME - YIELD, MEASURED IN LB / ACRE",2.06,TON/ACRE
MICHIGAN,CABBAGE,"CABBAGE - YIELD, MEASURED IN CWT / ACRE",17.0,TON/ACRE
MICHIGAN,"CHERRIES, TART","CHERRIES, TART - YIELD, MEASURED IN LB / ACRE",3.1350000000000002,TON/ACRE
MICHIGAN,"CORN, GRAIN","CORN, GRAIN - YIELD, MEASURED IN BU / ACRE",4.116,TON/ACRE
MICHIGAN,"CORN, SILAGE","CORN, SILAGE - YIELD, MEASURED IN TONS / ACRE",18.5,TON/ACRE
MICHIGAN,CUCUMBERS,"CUCUMBERS - YIELD, MEASURED IN CWT / ACRE",7.5,TON/ACRE
MICHIGAN,HAY,"HAY - YIELD, MEASURED IN TONS / ACRE",2.38,TON/ACRE
MICHIGAN,"HAY, (EXCL ALFALFA)","HAY, (EXCL ALFALFA) - YIELD, MEASURED IN TONS / ACRE",2.1,TON/ACRE
MICHIGAN,"HAY, ALFALFA","HAY, ALFALFA - YIELD, MEASURED IN TONS / ACRE",2.5,TON/ACRE
MICHIGAN,HAY & HAYLAGE,"HAY & HAYLAGE - YIELD, MEASURED IN TONS / ACRE, DRY BASIS",2.99,TON/ACRE
MICHIGAN,"HAY & HAYLAGE, (EXCL ALFALFA)","HAY & HAYLAGE, (EXCL ALFALFA) - YIELD, MEASURED IN TONS / ACRE, DRY BASIS",2.32,TON/ACRE
MICHIGAN,"HAY & HAYLAGE, ALFALFA","HAY & HAYLAGE, ALFALFA - YIELD, MEASURED IN TONS / ACRE, DRY BASIS",3.2,TON/ACRE
MICHIGAN,HAYLAGE,"HAYLAGE - YIELD, MEASURED IN TONS / ACRE",7.68,TON/ACRE
MICHIGAN,"HAYLAGE, (EXCL ALFALFA)","HAYLAGE, (EXCL ALFALFA) - YIELD, MEASURED IN TONS / ACRE",4.9,TON/ACRE
MICHIGAN,"HAYLAGE, ALFALFA","HAYLAGE, ALFALFA - YIELD, MEASURED IN TONS / ACRE",8.0,TON/ACRE
MICHIGAN,OATS,"OATS - YIELD, MEASURED IN BU / ACRE",1.596,TON/ACRE
MICHIGAN,PEACHES,"PEACHES - YIELD, MEASURED IN TONS / ACRE",2.0,TON/ACRE
MICHIGAN,"PEPPERS, BELL","PEPPERS, BELL - YIELD, MEASURED IN CWT / ACRE",12.75,TON/ACRE
MICHIGAN,POTATOES,"POTATOES - YIELD, MEASURED IN CWT / ACRE",21.0,TON/ACRE
MICHIGAN,PUMPKINS,"PUMPKINS - YIELD, MEASURED IN CWT / ACRE",7.5,TON/ACRE
MICHIGAN,SOYBEANS,"SOYBEANS - YIELD, MEASURED IN BU / ACRE",1.1340000000000001,TON/ACRE
MICHIGAN,SQUASH,"SQUASH - YIELD, MEASURED IN CWT / ACRE",10.0,TON/ACRE
MICHIGAN,SUGARBEETS,"SUGARBEETS - YIELD, MEASURED IN TONS / ACRE",28.6,TON/ACRE
MICHIGAN,WHEAT,"WHEAT - YIELD, MEASURED IN BU / ACRE",1.988,TON/ACRE
MICHIGAN,"WHEAT, WINTER","WHEAT, WINTER - YIELD, MEASURED IN BU / ACRE",1.988,TON/ACRE
MINNESOTA,BARLEY,"BARLEY - YIELD, MEASURED IN BU / ACRE",1.8760000000000001,TON/ACRE
MINNESOTA,"BEANS, DRY EDIBLE, (EXCL CHICKPEAS)","BEANS, DRY EDIBLE, (EXCL CHICKPEAS) - YIELD, MEASURED IN LB / ACRE",1.02,TON/ACRE
MINNESOTA,"BEANS, DRY EDIBLE, BLACK","BEANS, DRY EDIBLE, BLACK - YIELD, MEASURED IN LB / ACRE",0.985,TON/ACRE
MINNESOTA,"BEANS, DRY EDIBLE, DARK, RED, KIDNEY","BEANS, DRY EDIBLE, DARK, RED, KIDNEY - YIELD, MEASURED IN LB / ACRE",1.05,TON/ACRE
MINNESOTA,"BEANS, DRY EDIBLE, LIGHT, RED, KIDNEY","BEANS, DRY EDIBLE, LIGHT, RED, KIDNEY - YIELD, MEASURED IN LB / ACRE",1.1500000000000001,TON/ACRE
MINNESOTA,"BEANS, DRY EDIBLE, NAVY","BEANS, DRY EDIBLE, NAVY - YIELD, MEASURED IN LB / ACRE",0.975,TON/ACRE
MINNESOTA,"BEANS, DRY EDIBLE, PINTO","BEANS, DRY EDIBLE, PINTO - YIELD, MEASURED IN LB / ACRE",0.96,TON/ACRE
MINNESOTA,"BEANS, SNAP","BEANS, SNAP - YIELD, MEASURED IN CWT / ACRE",4.75,TON/ACRE
MINNESOTA,CANOLA,"CANOLA - YIELD, MEASURED IN LB / ACRE",1.135,TON/ACRE
MINNESOTA,"CORN, GRAIN","CORN, GRAIN - YIELD, MEASURED IN BU / ACRE",4.872,TON/ACRE
MINNESOTA,"CORN, SILAGE","CORN, SILAGE - YIELD, MEASURED IN TONS / ACRE",19.0,TON/ACRE
MINNESOTA,HAY,"HAY - YIELD, MEASURED IN TONS / ACRE",2.71,TON/ACRE
MINNESOTA,"HAY, (EXCL ALFALFA)","HAY, (EXCL ALFALFA) - YIELD, MEASURED IN TONS / ACRE",1.9,TON/ACRE
MINNESOTA,"HAY, ALFALFA","HAY, ALFALFA - YIELD, MEASURED IN TONS / ACRE",3.1,TON/ACRE
MINNESOTA,HAY & HAYLAGE,"HAY & HAYLAGE - YIELD, MEASURED IN TONS / ACRE, DRY BASIS",2.89,TON/ACRE
MINNESOTA,"HAY & HAYLAGE, (EXCL ALFALFA)","HAY & HAYLAGE, (EXCL ALFALFA) - YIELD, MEASURED IN TONS / ACRE, DRY BASIS",1.93,TON/ACRE
MINNESOTA,"HAY & HAYLAGE, ALFALFA","HAY & HAYLAGE, ALFALFA - YIELD, MEASURED IN TONS / ACRE, DRY BASIS",3.29,TON/ACRE
MINNESOTA,HAYLAGE,"HAYLAGE - YIELD, MEASURED IN TONS / ACRE",5.95,TON/ACRE
MINNESOTA,"HAYLAGE, (EXCL ALFALFA)","HAYLAGE, (EXCL ALFALFA) - YIELD, MEASURED IN TONS / ACRE",3.4,TON/ACRE
MINNESOTA,"HAYLAGE, ALFALFA","HAYLAGE, ALFALFA - YIELD, MEASURED IN TONS / ACRE",6.4,TON/ACRE
MINNESOTA,OATS,"OATS - YIELD, MEASURED IN BU / ACRE",1.736,TON/ACRE
MINNESOTA,"PEAS, GREEN","PEAS, GREEN - YIELD, MEASURED IN CWT / ACRE",1.4100000000000001,TON/ACRE
MINNESOTA,POTATOES,"POTATOES - YIELD, MEASURED IN CWT / ACRE",20.75,TON/ACRE
MINNESOTA,RYE,"RYE - YIELD, MEASURED IN BU / ACRE",1.092,TON/ACRE
MINNESOTA,SOYBEANS,"SOYBEANS - YIELD, MEASURED IN BU / ACRE",1.232,TON/ACRE
MINNESOTA,SUGARBEETS,"SUGARBEETS - YIELD, MEASURED IN TONS / ACRE",25.0,TON/ACRE
MINNESOTA,SUNFLOWER,"SUNFLOWER - YIELD, MEASURED IN LB / ACRE",0.9225,TON/ACRE
MINNESOTA,"SUNFLOWER, NON","SUNFLOWER, NON-OIL TYPE - YIELD, MEASURED IN LB / ACRE",0.9,TON/ACRE
MINNESOTA,"SUNFLOWER, OIL TYPE","SUNFLOWER, OIL TYPE - YIELD, MEASURED IN LB / ACRE",0.925,TON/ACRE
MINNESOTA,SWEET CORN,"SWEET CORN - YIELD, MEASURED IN CWT / ACRE",7.0,TON/ACRE
MINNESOTA,WHEAT,"WHEAT - YIELD, MEASURED IN BU / ACRE",1.596,TON/ACRE
MINNESOTA,"WHEAT, SPRING, (EXCL DURUM)","WHEAT, SPRING, (EXCL DURUM) - YIELD, MEASURED IN BU / ACRE",1.596,TON/ACRE
MISSISSIPPI,"CORN, GRAIN","CORN, GRAIN - YIELD, MEASURED IN BU / ACRE",4.872,TON/ACRE
MISSISSIPPI,"CORN, SILAGE","CORN, SILAGE - YIELD, MEASURED IN TONS / ACRE",15.0,TON/ACRE
MISSISSIPPI,COTTON,"COTTON - YIELD, MEASURED IN LB / ACRE",0.556,TON/ACRE
MISSISSIPPI,"COTTON, UPLAND","COTTON, UPLAND - YIELD, MEASURED IN LB / ACRE",0.556,TON/ACRE
MISSISSIPPI,HAY,"HAY - YIELD, MEASURED IN TONS / ACRE",2.3,TON/ACRE
MISSISSIPPI,"HAY, (EXCL ALFALFA)","HAY, (EXCL ALFALFA) - YIELD, MEASURED IN TONS / ACRE",2.3,TON/ACRE
MISSISSIPPI,PEANUTS,"PEANUTS - YIELD, MEASURED IN LB / ACRE",2.0,TON/ACRE
MISSISSIPPI,RICE,"RICE - YIELD, MEASURED IN LB / ACRE",3.6750000000000003,TON/ACRE
MISSISSIPPI,"RICE, LONG GRAIN","RICE, LONG GRAIN - YIELD, MEASURED IN LB / ACRE",3.6750000000000003,TON/ACRE
MISSISSIPPI,"RICE, MEDIUM GRAIN","RICE, MEDIUM GRAIN - YIELD, MEASURED IN LB / ACRE",3.575,TON/ACRE
MISSISSIPPI,SOYBEANS,"SOYBEANS - YIELD, MEASURED IN BU / ACRE",1.4000000000000001,TON/ACRE
MISSISSIPPI,SWEET POTATOES,"SWEET POTATOES - YIELD, MEASURED IN CWT / ACRE",8.25,TON/ACRE
MISSISSIPPI,WHEAT,"WHEAT - YIELD, MEASURED IN BU / ACRE",1.316,TON/ACRE
MISSISSIPPI,"WHEAT, WINTER","WHEAT, WINTER - YIELD, MEASURED IN BU / ACRE",1.316,TON/ACRE
MISSOURI,"CORN, GRAIN","CORN, GRAIN - YIELD, MEASURED IN BU / ACRE",4.34,TON/ACRE
MISSOURI,"CORN, SILAGE","CORN, SILAGE - YIELD, MEASURED IN TONS / ACRE",16.0,TON/ACRE
MISSOURI,COTTON,"COTTON - YIELD, MEASURED IN LB / ACRE",0.5965,TON/ACRE
MISSOURI,"COTTON, UPLAND","COTTON, UPLAND - YIELD, MEASURED IN LB / ACRE",0.5965,TON/ACRE
MISSOURI,HAY,"HAY - YIELD, MEASURED IN TONS / ACRE",2.19,TON/ACRE
MISSOURI,"HAY, (EXCL ALFALFA)","HAY, (EXCL ALFALFA) - YIELD, MEASURED IN TONS / ACRE",2.15,TON/ACRE
MISSOURI,"HAY, ALFALFA","HAY, ALFALFA - YIELD, MEASURED IN TONS / ACRE",2.7,TON/ACRE
MISSOURI,HAY & HAYLAGE,"HAY & HAYLAGE - YIELD, MEASURED IN TONS / ACRE, DRY BASIS",2.2,TON/ACRE
MISSOURI,"HAY & HAYLAGE, (EXCL ALFALFA)","HAY & HAYLAGE, (EXCL ALFALFA) - YIELD, MEASURED IN TONS / ACRE, DRY BASIS",2.15,TON/ACRE
MISSOURI,"HAY & HAYLAGE, ALFALFA","HAY & HAYLAGE, ALFALFA - YIELD, MEASURED IN TONS / ACRE, DRY BASIS",2.69,TON/ACRE
MISSOURI,HAYLAGE,"HAYLAGE - YIELD, MEASURED IN TONS / ACRE",3.13,TON/ACRE
MISSOURI,"HAYLAGE, (EXCL ALFALFA)","HAYLAGE, (EXCL ALFALFA) - YIELD, MEASURED IN TONS / ACRE",2.9,TON/ACRE
MISSOURI,"HAYLAGE, ALFALFA","HAYLAGE, ALFALFA - YIELD, MEASURED IN TONS / ACRE",4.0,TON/ACRE
MISSOURI,OATS,"OATS - YIELD, MEASURED IN BU / ACRE",1.316,TON/ACRE
MISSOURI,RICE,"RICE - YIELD, MEASURED IN LB / ACRE",3.685,TON/ACRE
MISSOURI,"RICE, LONG GRAIN","RICE, LONG GRAIN - YIELD, MEASURED IN LB / ACRE",3.68,TON/ACRE
MISSOURI,"RICE, MEDIUM GRAIN","RICE, MEDIUM GRAIN - YIELD, MEASURED IN LB / ACRE",3.775,TON/ACRE
MISSOURI,SOYBEANS,"SOYBEANS - YIELD, MEASURED IN BU / ACRE",1.288,TON/ACRE
MISSOURI,WHEAT,"WHEAT - YIELD, MEASURED IN BU / ACRE",1.764,TON/ACRE
MISSOURI,"WHEAT, WINTER","WHEAT, WINTER - YIELD, MEASURED IN BU / ACRE",1.764,TON/ACRE
MONTANA,BARLEY,"BARLEY - YIELD, MEASURED IN BU / ACRE",1.6520000000000001,TON/ACRE
MONTANA,CANOLA,"CANOLA - YIELD, MEASURED IN LB / ACRE",0.725,TON/ACRE
MONTANA,CHICKPEAS,"CHICKPEAS - YIELD, MEASURED IN LB / ACRE",0.7000000000000001,TON/ACRE
MONTANA,"CHICKPEAS, LARGE","CHICKPEAS, LARGE - YIELD, MEASURED IN LB / ACRE",0.705,TON/ACRE
MONTANA,"CHICKPEAS, SMALL","CHICKPEAS, SMALL - YIELD, MEASURED IN LB / ACRE",0.685,TON/ACRE
MONTANA,"CORN, GRAIN","CORN, GRAIN - YIELD, MEASURED IN BU / ACRE",2.66,TON/ACRE
MONTANA,"CORN, SILAGE","CORN, SILAGE - YIELD, MEASURED IN TONS / ACRE",23.0,TON/ACRE
MONTANA,FLAXSEED,"FLAXSEED - YIELD, MEASURED IN BU / ACRE",0.42,TON/ACRE
MONTANA,HAY,"HAY - YIELD, MEASURED IN TONS / ACRE",2.08,TON/ACRE
MONTANA,"HAY, (EXCL ALFALFA)","HAY, (EXCL ALFALFA) - YIELD, MEASURED IN TONS / ACRE",1.9,TON/ACRE
MONTANA,"HAY, ALFALFA","HAY, ALFALFA - YIELD, MEASURED IN TONS / ACRE",2.15,TON/ACRE
MONTANA,"LEGUMES, ALFALFA, SEED","LEGUMES, ALFALFA, SEED - YIELD, MEASURED IN LB / ACRE",0.232,TON/ACRE
MONTANA,LENTILS,"LENTILS - YIELD, MEASURED IN LB / ACRE",0.64,TON/ACRE
MONTANA,OATS,"OATS - YIELD, MEASURED IN BU / ACRE",1.54,TON/ACRE
MONTANA,"PEAS, DRY EDIBLE","PEAS, DRY EDIBLE - YIELD, MEASURED IN LB / ACRE",1.02,TON/ACRE
MONTANA,SAFFLOWER,"SAFFLOWER - YIELD, MEASURED IN LB / ACRE",0.42,TON/ACRE
MONTANA,SUGARBEETS,"SUGARBEETS - YIELD, MEASURED IN TONS / ACRE",31.6,TON/ACRE
MONTANA,WHEAT,"WHEAT - YIELD, MEASURED IN BU / ACRE",1.1872,TON/ACRE
MONTANA,"WHEAT, SPRING, (EXCL DURUM)","WHEAT, SPRING, (EXCL DURUM) - YIELD, MEASURED IN BU / ACRE",1.036,TON/ACRE
MONTANA,"WHEAT, SPRING, DURUM","WHEAT, SPRING, DURUM - YIELD, MEASURED IN BU / ACRE",1.204,TON/ACRE
MONTANA,"WHEAT, WINTER","WHEAT, WINTER - YIELD, MEASURED IN BU / ACRE",1.4000000000000001,TON/ACRE
NEBRASKA,"BEANS, DRY EDIBLE, (EXCL CHICKPEAS)","BEANS, DRY EDIBLE, (EXCL CHICKPEAS) - YIELD, MEASURED IN LB / ACRE",0.97,TON/ACRE
NEBRASKA,"BEANS, DRY EDIBLE, GREAT NORTHERN","BEANS, DRY EDIBLE, GREAT NORTHERN - YIELD, MEASURED IN LB / ACRE",0.975,TON/ACRE
NEBRASKA,"BEANS, DRY EDIBLE, LIGHT, RED, KIDNEY","BEANS, DRY EDIBLE, LIGHT, RED, KIDNEY - YIELD, MEASURED IN LB / ACRE",1.045,TON/ACRE
NEBRASKA,"BEANS, DRY EDIBLE, PINTO","BEANS, DRY EDIBLE, PINTO - YIELD, MEASURED IN LB / ACRE",0.98,TON/ACRE
NEBRASKA,"CORN, GRAIN","CORN, GRAIN - YIELD, MEASURED IN BU / ACRE",5.096,TON/ACRE
NEBRASKA,"CORN, SILAGE","CORN, SILAGE - YIELD, MEASURED IN TONS / ACRE",23.0,TON/ACRE
NEBRASKA,HAY,"HAY - YIELD, MEASURED IN TONS / ACRE",2.5,TON/ACRE
NEBRASKA,"HAY, (EXCL ALFALFA)","HAY, (EXCL ALFALFA) - YIELD, MEASURED IN TONS / ACRE",1.65,TON/ACRE
NEBRASKA,"HAY, ALFALFA","HAY, ALFALFA - YIELD, MEASURED IN TONS / ACRE",3.8,TON/ACRE
NEBRASKA,HAY & HAYLAGE,"HAY & HAYLAGE - YIELD, MEASURED IN TONS / ACRE, DRY BASIS",2.53,TON/ACRE
NEBRASKA,"HAY & HAYLAGE, (EXCL ALFALFA)","HAY & HAYLAGE, (EXCL ALFALFA) - YIELD, MEASURED IN TONS / ACRE, DRY BASIS",1.68,TON/ACRE
NEBRASKA,"HAY & HAYLAGE, ALFALFA","HAY & HAYLAGE, ALFALFA - YIELD, MEASURED IN TONS / ACRE, DRY BASIS",3.81,TON/ACRE
NEBRASKA,HAYLAGE,"HAYLAGE - YIELD, MEASURED IN TONS / ACRE",4.75,TON/ACRE
NEBRASKA,"HAYLAGE, (EXCL ALFALFA)","HAYLAGE, (EXCL ALFALFA) - YIELD, MEASURED IN TONS / ACRE",5.8,TON/ACRE
NEBRASKA,"HAYLAGE, ALFALFA","HAYLAGE, ALFALFA - YIELD, MEASURED IN TONS / ACRE",4.1,TON/ACRE
NEBRASKA,"MILLET, PROSO","MILLET, PROSO - YIELD, MEASURED IN BU / ACRE",0.868,TON/ACRE
NEBRASKA,OATS,"OATS - YIELD, MEASURED IN BU / ACRE",1.764,TON/ACRE
NEBRASKA,"PEAS, DRY EDIBLE","PEAS, DRY EDIBLE - YIELD, MEASURED IN LB / ACRE",1.12,TON/ACRE
NEBRASKA,POTATOES,"POTATOES - YIELD, MEASURED IN CWT / ACRE",23.75,TON/ACRE
NEBRASKA,"SORGHUM, GRAIN","SORGHUM, GRAIN - YIELD, MEASURED IN BU / ACRE",2.604,TON/ACRE
NEBRASKA,"SORGHUM, SILAGE","SORGHUM, SILAGE - YIELD, MEASURED IN TONS / ACRE",10.0,TON/ACRE
NEBRASKA,SOYBEANS,"SOYBEANS - YIELD, MEASURED IN BU / ACRE",1.6380000000000001,TON/ACRE
NEBRASKA,SUGARBEETS,"SUGARBEETS - YIELD, MEASURED IN TONS / ACRE",25.4,TON/ACRE
NEBRASKA,SUNFLOWER,"SUNFLOWER - YIELD, MEASURED IN LB / ACRE",0.65,TON/ACRE
NEBRASKA,"SUNFLOWER, NON","SUNFLOWER, NON-OIL TYPE - YIELD, MEASURED IN LB / ACRE",0.65,TON/ACRE
NEBRASKA,"SUNFLOWER, OIL TYPE","SUNFLOWER, OIL TYPE - YIELD, MEASURED IN LB / ACRE",0.65,TON/ACRE
NEBRASKA,WHEAT,"WHEAT - YIELD, MEASURED IN BU / ACRE",1.596,TON/ACRE
NEBRASKA,"WHEAT, WINTER","WHEAT, WINTER - YIELD, MEASURED IN BU / ACRE",1.596,TON/ACRE
NEBRASKA,"WHEAT, WINTER, IRRIGATED","WHEAT, WINTER, IRRIGATED - YIELD, MEASURED IN BU / ACRE",2.2988,TON/ACRE
NEBRASKA,"WHEAT, WINTER, NON","WHEAT, WINTER, NON-IRRIGATED - YIELD, MEASURED IN BU / ACRE",1.526,TON/ACRE
NEVADA,"CORN, SILAGE","CORN, SILAGE - YIELD, MEASURED IN TONS / ACRE",25.0,TON/ACRE
NEVADA,HAY,"HAY - YIELD, MEASURED IN TONS / ACRE",3.6,TON/ACRE
NEVADA,"HAY, (EXCL ALFALFA)","HAY, (EXCL ALFALFA) - YIELD, MEASURED IN TONS / ACRE",2.2,TON/ACRE
NEVADA,"HAY, ALFALFA","HAY, ALFALFA - YIELD, MEASURED IN TONS / ACRE",4.9,TON/ACRE
NEW HAMPSHIRE,"CORN, SILAGE","CORN, SILAGE - YIELD, MEASURED IN TONS / ACRE",20.0,TON/ACRE
NEW HAMPSHIRE,HAY,"HAY - YIELD, MEASURED IN TONS / ACRE",1.69,TON/ACRE
NEW HAMPSHIRE,"HAY, (EXCL ALFALFA)","HAY, (EXCL ALFALFA) - YIELD, MEASURED IN TONS / ACRE",1.7,TON/ACRE
NEW HAMPSHIRE,"HAY, ALFALFA","HAY, ALFALFA - YIELD, MEASURED IN TONS / ACRE",1.5,TON/ACRE
NEW JERSEY,ASPARAGUS,"ASPARAGUS - YIELD, MEASURED IN CWT / ACRE",1.6,TON/ACRE
NEW JERSEY,"BLUEBERRIES, TAME","BLUEBERRIES, TAME - YIELD, MEASURED IN LB / ACRE",2.545,TON/ACRE
NEW JERSEY,"CORN, GRAIN","CORN, GRAIN - YIELD, MEASURED IN BU / ACRE",4.34,TON/ACRE
NEW JERSEY,"CORN, SILAGE","CORN, SILAGE - YIELD, MEASURED IN TONS / ACRE",22.0,TON/ACRE
NEW JERSEY,CRANBERRIES,"CRANBERRIES - YIELD, MEASURED IN BARRELS / ACRE",9.255,TON/ACRE
NEW JERSEY,HAY,"HAY - YIELD, MEASURED IN TONS / ACRE",2.05,TON/ACRE
NEW JERSEY,"HAY, (EXCL ALFALFA)","HAY, (EXCL ALFALFA) - YIELD, MEASURED IN TONS / ACRE",1.9,TON/ACRE
NEW JERSEY,"HAY, ALFALFA","HAY, ALFALFA - YIELD, MEASURED IN TONS / ACRE",3.2,TON/ACRE
NEW JERSEY,PEACHES,"PEACHES - YIELD, MEASURED IN TONS / ACRE",5.0,TON/ACRE
NEW JERSEY,"PEPPERS, BELL","PEPPERS, BELL - YIELD, MEASURED IN CWT / ACRE",15.0,TON/ACRE
NEW JERSEY,SOYBEANS,"SOYBEANS - YIELD, MEASURED IN BU / ACRE",1.036,TON/ACRE
NEW JERSEY,SPINACH,"SPINACH - YIELD, MEASURED IN CWT / ACRE",6.0,TON/ACRE
NEW JERSEY,SQUASH,"SQUASH - YIELD, MEASURED IN CWT / ACRE",4.5,TON/ACRE
NEW JERSEY,WHEAT,"WHEAT - YIELD, MEASURED IN BU / ACRE",1.848,TON/ACRE
NEW JERSEY,"WHEAT, WINTER","WHEAT, WINTER - YIELD, MEASURED IN BU / ACRE",1.848,TON/ACRE
NEW MEXICO,"CORN, GRAIN","CORN, GRAIN - YIELD, MEASURED IN BU / ACRE",3.7800000000000002,TON/ACRE
NEW MEXICO,"CORN, SILAGE","CORN, SILAGE - YIELD, MEASURED IN TONS / ACRE",20.0,TON/ACRE
NEW MEXICO,COTTON,"COTTON - YIELD, MEASURED IN LB / ACRE",0.4055,TON/ACRE
NEW MEXICO,"COTTON, PIMA","COTTON, PIMA - YIELD, MEASURED IN LB / ACRE",0.441,TON/ACRE
NEW MEXICO,"COTTON, UPLAND","COTTON, UPLAND - YIELD, MEASURED IN LB / ACRE",0.4015,TON/ACRE
NEW MEXICO,HAY,"HAY - YIELD, MEASURED IN TONS / ACRE",3.93,TON/ACRE
NEW MEXICO,"HAY, (EXCL ALFALFA)","HAY, (EXCL ALFALFA) - YIELD, MEASURED IN TONS / ACRE",2.0,TON/ACRE
NEW MEXICO,"HAY, ALFALFA","HAY, ALFALFA - YIELD, MEASURED IN TONS / ACRE",4.9,TON/ACRE
NEW MEXICO,"ONIONS, DRY","ONIONS, DRY - YIELD, MEASURED IN CWT / ACRE",30.25,TON/ACRE
NEW MEXICO,PEANUTS,"PEANUTS - YIELD, MEASURED IN LB / ACRE",1.675,TON/ACRE
NEW MEXICO,PECANS,"PECANS - YIELD, MEASURED IN LB / ACRE",0.975,TON/ACRE
NEW MEXICO,"PEPPERS, CHILE","PEPPERS, CHILE - YIELD, MEASURED IN CWT / ACRE",7.25,TON/ACRE
NEW MEXICO,WHEAT,"WHEAT - YIELD, MEASURED IN BU / ACRE",0.84,TON/ACRE
NEW MEXICO,"WHEAT, WINTER","WHEAT, WINTER - YIELD, MEASURED IN BU / ACRE",0.84,TON/ACRE
NEW YORK,APPLES,"APPLES - YIELD, MEASURED IN LB / ACRE",15.0,TON/ACRE
NEW YORK,BARLEY,"BARLEY - YIELD, MEASURED IN BU / ACRE",1.456,TON/ACRE
NEW YORK,"BEANS, SNAP","BEANS, SNAP - YIELD, MEASURED IN CWT / ACRE",3.5500000000000003,TON/ACRE
NEW YORK,CABBAGE,"CABBAGE - YIELD, MEASURED IN CWT / ACRE",19.0,TON/ACRE
NEW YORK,"CHERRIES, TART","CHERRIES, TART - YIELD, MEASURED IN LB / ACRE",1.655,TON/ACRE
NEW YORK,"CORN, GRAIN","CORN, GRAIN - YIELD, MEASURED IN BU / ACRE",4.424,TON/ACRE
NEW YORK,"CORN, SILAGE","CORN, SILAGE - YIELD, MEASURED IN TONS / ACRE",18.0,TON/ACRE
NEW YORK,HAY,"HAY - YIELD, MEASURED IN TONS / ACRE",1.9,TON/ACRE
NEW YORK,"HAY, (EXCL ALFALFA)","HAY, (EXCL ALFALFA) - YIELD, MEASURED IN TONS / ACRE",1.8,TON/ACRE
NEW YORK,"HAY, ALFALFA","HAY, ALFALFA - YIELD, MEASURED IN TONS / ACRE",2.2,TON/ACRE
NEW YORK,HAY & HAYLAGE,"HAY & HAYLAGE - YIELD, MEASURED IN TONS / ACRE, DRY BASIS",2.49,TON/ACRE
NEW YORK,"HAY & HAYLAGE, (EXCL ALFALFA)","HAY & HAYLAGE, (EXCL ALFALFA) - YIELD, MEASURED IN TONS / ACRE, DRY BASIS",2.08,TON/ACRE
NEW YORK,"HAY & HAYLAGE, ALFALFA","HAY & HAYLAGE, ALFALFA - YIELD, MEASURED IN TONS / ACRE, DRY BASIS",3.33,TON/ACRE
NEW YORK,HAYLAGE,"HAYLAGE - YIELD, MEASURED IN TONS / ACRE",6.18,TON/ACRE
NEW YORK,"HAYLAGE, (EXCL ALFALFA)","HAYLAGE, (EXCL ALFALFA) - YIELD, MEASURED IN TONS / ACRE",4.8,TON/ACRE
NEW YORK,"HAYLAGE, ALFALFA","HAYLAGE, ALFALFA - YIELD, MEASURED IN TONS / ACRE",7.6,TON/ACRE
NEW YORK,OATS,"OATS - YIELD, MEASURED IN BU / ACRE",1.68,TON/ACRE
NEW YORK,"ONIONS, DRY","ONIONS, DRY - YIELD, MEASURED IN CWT / ACRE",16.0,TON/ACRE
NEW YORK,PUMPKINS,"PUMPKINS - YIELD, MEASURED IN CWT / ACRE",3.6,TON/ACRE
NEW YORK,SOYBEANS,"SOYBEANS - YIELD, MEASURED IN BU / ACRE",1.344,TON/ACRE
NEW YORK,SQUASH,"SQUASH - YIELD, MEASURED IN CWT / ACRE",7.0,TON/ACRE
NEW YORK,SWEET CORN,"SWEET CORN - YIELD, MEASURED IN CWT / ACRE",6.5,TON/ACRE
NEW YORK,WHEAT,"WHEAT - YIELD, MEASURED IN BU / ACRE",1.764,TON/ACRE
NEW YORK,"WHEAT, WINTER","WHEAT, WINTER - YIELD, MEASURED IN BU / ACRE",1.764,TON/ACRE
NORTH CAROLINA,BARLEY,"BARLEY - YIELD, MEASURED IN BU / ACRE",1.848,TON/ACRE
NORTH CAROLINA,"BLUEBERRIES, TAME","BLUEBERRIES, TAME - YIELD, MEASURED IN LB / ACRE",2.08,TON/ACRE
NORTH CAROLINA,"CORN, GRAIN","CORN, GRAIN - YIELD, MEASURED IN BU / ACRE",3.108,TON/ACRE
NORTH CAROLINA,"CORN, SILAGE","CORN, SILAGE - YIELD, MEASURED IN TONS / ACRE",18.0,TON/ACRE
NORTH CAROLINA,COTTON,"COTTON - YIELD, MEASURED IN LB / ACRE",0.499,TON/ACRE
NORTH CAROLINA,"COTTON, UPLAND","COTTON, UPLAND - YIELD, MEASURED IN LB / ACRE",0.499,TON/ACRE
NORTH CAROLINA,CUCUMBERS,"CUCUMBERS - YIELD, MEASURED IN CWT / ACRE",7.25,TON/ACRE
NORTH CAROLINA,HAY,"HAY - YIELD, MEASURED IN TONS / ACRE",2.3,TON/ACRE
NORTH CAROLINA,"HAY, (EXCL ALFALFA)","HAY, (EXCL ALFALFA) - YIELD, MEASURED IN TONS / ACRE",2.3,TON/ACRE
NORTH CAROLINA,"HAY, ALFALFA","HAY, ALFALFA - YIELD, MEASURED IN TONS / ACRE",2.3,TON/ACRE
NORTH CAROLINA,"MELONS, WATERMELON","MELONS, WATERMELON - YIELD, MEASURED IN CWT / ACRE",11.5,TON/ACRE
NORTH CAROLINA,OATS,"OATS - YIELD, MEASURED IN BU / ACRE",1.988,TON/ACRE
NORTH CAROLINA,PEANUTS,"PEANUTS - YIELD, MEASURED IN LB / ACRE",2.2,TON/ACRE
NORTH CAROLINA,"PEPPERS, BELL","PEPPERS, BELL - YIELD, MEASURED IN CWT / ACRE",11.75,TON/ACRE
NORTH CAROLINA,PUMPKINS,"PUMPKINS - YIELD, MEASURED IN CWT / ACRE",11.5,TON/ACRE
NORTH CAROLINA,SOYBEANS,"SOYBEANS - YIELD, MEASURED IN BU / ACRE",0.98,TON/ACRE
NORTH CAROLINA,SQUASH,"SQUASH - YIELD, MEASURED IN CWT / ACRE",6.5,TON/ACRE
NORTH CAROLINA,SWEET POTATOES,"SWEET POTATOES - YIELD, MEASURED IN CWT / ACRE",9.0,TON/ACRE
NORTH CAROLINA,TOBACCO,"TOBACCO - YIELD, MEASURED IN LB / ACRE",0.9995,TON/ACRE
NORTH CAROLINA,"TOBACCO, AIR","TOBACCO, AIR-CURED LIGHT BURLEY (TYPE 31) - YIELD, MEASURED IN LB / ACRE",0.875,TON/ACRE
NORTH CAROLINA,"TOBACCO, FLUE","TOBACCO, FLUE-CURED (CLASS 1) - YIELD, MEASURED IN LB / ACRE",1.0,TON/ACRE
NORTH CAROLINA,WHEAT,"WHEAT - YIELD, MEASURED IN BU / ACRE",1.568,TON/ACRE
NORTH CAROLINA,"WHEAT, WINTER","WHEAT, WINTER - YIELD, MEASURED IN BU / ACRE",1.568,TON/ACRE
NORTH DAKOTA,BARLEY,"BARLEY - YIELD, MEASURED IN BU / ACRE",2.016,TON/ACRE
NORTH DAKOTA,"BEANS, DRY EDIBLE, (EXCL CHICKPEAS)","BEANS, DRY EDIBLE, (EXCL CHICKPEAS) - YIELD, MEASURED IN LB / ACRE",0.7000000000000001,TON/ACRE
NORTH DAKOTA,"BEANS, DRY EDIBLE, BLACK","BEANS, DRY EDIBLE, BLACK - YIELD, MEASURED IN LB / ACRE",0.705,TON/ACRE
NORTH DAKOTA,"BEANS, DRY EDIBLE, GREAT NORTHERN","BEANS, DRY EDIBLE, GREAT NORTHERN - YIELD, MEASURED IN LB / ACRE",0.92,TON/ACRE
NORTH DAKOTA,"BEANS, DRY EDIBLE, NAVY","BEANS, DRY EDIBLE, NAVY - YIELD, MEASURED IN LB / ACRE",0.73,TON/ACRE
NORTH DAKOTA,"BEANS, DRY EDIBLE, OTHER, NOT LISTED","BEANS, DRY EDIBLE, OTHER, NOT LISTED - YIELD, MEASURED IN LB / ACRE",0.785,TON/ACRE
NORTH DAKOTA,"BEANS, DRY EDIBLE, PINK","BEANS, DRY EDIBLE, PINK - YIELD, MEASURED IN LB / ACRE",0.5750000000000001,TON/ACRE
NORTH DAKOTA,"BEANS, DRY EDIBLE, PINTO","BEANS, DRY EDIBLE, PINTO - YIELD, MEASURED IN LB / ACRE",0.685,TON/ACRE
NORTH DAKOTA,"BEANS, DRY EDIBLE, SMALL, RED","BEANS, DRY EDIBLE, SMALL, RED - YIELD, MEASURED IN LB / ACRE",0.88,TON/ACRE
NORTH DAKOTA,CANOLA,"CANOLA - YIELD, MEASURED IN LB / ACRE",0.9,TON/ACRE
NORTH DAKOTA,CHICKPEAS,"CHICKPEAS - YIELD, MEASURED IN LB / ACRE",0.85,TON/ACRE
NORTH DAKOTA,"CORN, GRAIN","CORN, GRAIN - YIELD, MEASURED IN BU / ACRE",3.668,TON/ACRE
NORTH DAKOTA,"CORN, SILAGE","CORN, SILAGE - YIELD, MEASURED IN TONS / ACRE",19.5,TON/ACRE
NORTH DAKOTA,FLAXSEED,"FLAXSEED - YIELD, MEASURED IN BU / ACRE",0.616,TON/ACRE
NORTH DAKOTA,HAY,"HAY - YIELD, MEASURED IN TONS / ACRE",1.7,TON/ACRE
NORTH DAKOTA,"HAY, (EXCL ALFALFA)","HAY, (EXCL ALFALFA) - YIELD, MEASURED IN TONS / ACRE",1.6,TON/ACRE
NORTH DAKOTA,"HAY, ALFALFA","HAY, ALFALFA - YIELD, MEASURED IN TONS / ACRE",1.8,TON/ACRE
NORTH DAKOTA,LENTILS,"LENTILS - YIELD, MEASURED IN LB / ACRE",0.66,TON/ACRE
NORTH DAKOTA,OATS,"OATS - YIELD, MEASURED IN BU / ACRE",2.408,TON/ACRE
NORTH DAKOTA,"PEAS, DRY EDIBLE","PEAS, DRY EDIBLE - YIELD, MEASURED IN LB / ACRE",1.135,TON/ACRE
NORTH DAKOTA,POTATOES,"POTATOES - YIELD, MEASURED IN CWT / ACRE",16.75,TON/ACRE
NORTH DAKOTA,RYE,"RYE - YIELD, MEASURED IN BU / ACRE",1.26,TON/ACRE
NORTH DAKOTA,SOYBEANS,"SOYBEANS - YIELD, MEASURED IN BU / ACRE",0.882,TON/ACRE
NORTH DAKOTA,SUGARBEETS,"SUGARBEETS - YIELD, MEASURED IN TONS / ACRE",26.0,TON/ACRE
NORTH DAKOTA,SUNFLOWER,"SUNFLOWER - YIELD, MEASURED IN LB / ACRE",0.758,TON/ACRE
NORTH DAKOTA,"SUNFLOWER, NON","SUNFLOWER, NON-OIL TYPE - YIELD, MEASURED IN LB / ACRE",0.8250000000000001,TON/ACRE
NORTH DAKOTA,"SUNFLOWER, OIL TYPE","SUNFLOWER, OIL TYPE - YIELD, MEASURED IN LB / ACRE",0.75,TON/ACRE
NORTH DAKOTA,WHEAT,"WHEAT - YIELD, MEASURED IN BU / ACRE",1.3552,TON/ACRE
NORTH DAKOTA,"WHEAT, SPRING, (EXCL DURUM)","WHEAT, SPRING, (EXCL DURUM) - YIELD, MEASURED IN BU / ACRE",1.372,TON/ACRE
NORTH DAKOTA,"WHEAT, SPRING, DURUM","WHEAT, SPRING, DURUM - YIELD, MEASURED IN BU / ACRE",1.19,TON/ACRE
NORTH DAKOTA,"WHEAT, WINTER","WHEAT, WINTER - YIELD, MEASURED IN BU / ACRE",1.484,TON/ACRE
OHIO,"CORN, GRAIN","CORN, GRAIN - YIELD, MEASURED IN BU / ACRE",4.5920000000000005,TON/ACRE
OHIO,"CORN, SILAGE","CORN, SILAGE - YIELD, MEASURED IN TONS / ACRE",19.0,TON/ACRE
OHIO,HAY,"HAY - YIELD, MEASURED IN TONS / ACRE",2.32,TON/ACRE
OHIO,"HAY, (EXCL ALFALFA)","HAY, (EXCL ALFALFA) - YIELD, MEASURED IN TONS / ACRE",2.0,TON/ACRE
OHIO,"HAY, ALFALFA","HAY, ALFALFA - YIELD, MEASURED IN TONS / ACRE",2.9,TON/ACRE
OHIO,HAY & HAYLAGE,"HAY & HAYLAGE - YIELD, MEASURED IN TONS / ACRE, DRY BASIS",2.62,TON/ACRE
OHIO,"HAY & HAYLAGE, (EXCL ALFALFA)","HAY & HAYLAGE, (EXCL ALFALFA) - YIELD, MEASURED IN TONS / ACRE, DRY BASIS",2.12,TON/ACRE
OHIO,"HAY & HAYLAGE, ALFALFA","HAY & HAYLAGE, ALFALFA - YIELD, MEASURED IN TONS / ACRE, DRY BASIS",3.44,TON/ACRE
OHIO,HAYLAGE,"HAYLAGE - YIELD, MEASURED IN TONS / ACRE",6.62,TON/ACRE
OHIO,"HAYLAGE, (EXCL ALFALFA)","HAYLAGE, (EXCL ALFALFA) - YIELD, MEASURED IN TONS / ACRE",5.4,TON/ACRE
OHIO,"HAYLAGE, ALFALFA","HAYLAGE, ALFALFA - YIELD, MEASURED IN TONS / ACRE",7.1,TON/ACRE
OHIO,OATS,"OATS - YIELD, MEASURED IN BU / ACRE",1.288,TON/ACRE
OHIO,PUMPKINS,"PUMPKINS - YIELD, MEASURED IN CWT / ACRE",6.25,TON/ACRE
OHIO,SOYBEANS,"SOYBEANS - YIELD, MEASURED IN BU / ACRE",1.372,TON/ACRE
OHIO,WHEAT,"WHEAT - YIELD, MEASURED IN BU / ACRE",1.568,TON/ACRE
OHIO,"WHEAT, WINTER","WHEAT, WINTER - YIELD, MEASURED IN BU / ACRE",1.568,TON/ACRE
OKLAHOMA,CANOLA,"CANOLA - YIELD, MEASURED IN LB / ACRE",0.705,TON/ACRE
OKLAHOMA,"CORN, GRAIN","CORN, GRAIN - YIELD, MEASURED IN BU / ACRE",3.8360000000000003,TON/ACRE
OKLAHOMA,"CORN, SILAGE","CORN, SILAGE - YIELD, MEASURED IN TONS / ACRE",13.0,TON/ACRE
OKLAHOMA,COTTON,"COTTON - YIELD, MEASURED IN LB / ACRE",0.3555,TON/ACRE
OKLAHOMA,"COTTON, UPLAND","COTTON, UPLAND - YIELD, MEASURED IN LB / ACRE",0.3555,TON/ACRE
OKLAHOMA,HAY,"HAY - YIELD, MEASURED IN TONS / ACRE",1.98,TON/ACRE
OKLAHOMA,"HAY, (EXCL ALFALFA)","HAY, (EXCL ALFALFA) - YIELD, MEASURED IN TONS / ACRE",1.9,TON/ACRE
OKLAHOMA,"HAY, ALFALFA","HAY, ALFALFA - YIELD, MEASURED IN TONS / ACRE",3.0,TON/ACRE
OKLAHOMA,OATS,"OATS - YIELD, MEASURED IN BU / ACRE",1.4000000000000001,TON/ACRE
OKLAHOMA,PEANUTS,"PEANUTS - YIELD, MEASURED IN LB / ACRE",2.0,TON/ACRE
OKLAHOMA,PECANS,"PECANS - YIELD, MEASURED IN LB / ACRE",0.11750000000000001,TON/ACRE
OKLAHOMA,RYE,"RYE - YIELD, MEASURED IN BU / ACRE",0.756,TON/ACRE
OKLAHOMA,"SORGHUM, GRAIN","SORGHUM, GRAIN - YIELD, MEASURED IN BU / ACRE",1.428,TON/ACRE
OKLAHOMA,"SORGHUM, SILAGE","SORGHUM, SILAGE - YIELD, MEASURED IN TONS / ACRE",10.0,TON/ACRE
OKLAHOMA,SOYBEANS,"SOYBEANS - YIELD, MEASURED IN BU / ACRE",0.812,TON/ACRE
OKLAHOMA,WHEAT,"WHEAT - YIELD, MEASURED IN BU / ACRE",1.12,TON/ACRE
OKLAHOMA,"WHEAT, WINTER","WHEAT, WINTER - YIELD, MEASURED IN BU / ACRE",1.12,TON/ACRE
OREGON,APPLES,"APPLES - YIELD, MEASURED IN LB / ACRE",15.0,TON/ACRE
OREGON,BARLEY,"BARLEY - YIELD, MEASURED IN BU / ACRE",2.184,TON/ACRE
OREGON,"BEANS, SNAP","BEANS, SNAP - YIELD, MEASURED IN CWT / ACRE",7.5,TON/ACRE
OREGON,"BLUEBERRIES, TAME","BLUEBERRIES, TAME - YIELD, MEASURED IN LB / ACRE",5.7,TON/ACRE
OREGON,"CHERRIES, SWEET","CHERRIES, SWEET - YIELD, MEASURED IN TONS / ACRE",4.12,TON/ACRE
OREGON,"CORN, GRAIN","CORN, GRAIN - YIELD, MEASURED IN BU / ACRE",6.636,TON/ACRE
OREGON,"CORN, SILAGE","CORN, SILAGE - YIELD, MEASURED IN TONS / ACRE",24.0,TON/ACRE
OREGON,CRANBERRIES,"CRANBERRIES - YIELD, MEASURED IN BARRELS / ACRE",10.340000000000002,TON/ACRE
OREGON,HAY,"HAY - YIELD, MEASURED IN TONS / ACRE",3.48,TON/ACRE
OREGON,"HAY, (EXCL ALFALFA)","HAY, (EXCL ALFALFA) - YIELD, MEASURED IN TONS / ACRE",2.6,TON/ACRE
OREGON,"HAY, ALFALFA","HAY, ALFALFA - YIELD, MEASURED IN TONS / ACRE",4.7,TON/ACRE
OREGON,HAZELNUTS,"HAZELNUTS, UTILIZED - YIELD, MEASURED IN TONS / ACRE",0.89,TON/ACRE
OREGON,HOPS,"HOPS - YIELD, MEASURED IN LB / ACRE",0.8915000000000001,TON/ACRE
OREGON,"HOPS, AMARILLO R, VGXP01","HOPS, AMARILLO R, VGXP01 - YIELD, MEASURED IN LB / ACRE",1.156,TON/ACRE
OREGON,"HOPS, CASCADE","HOPS, CASCADE - YIELD, MEASURED IN LB / ACRE",0.81,TON/ACRE
OREGON,"HOPS, CENTENNIAL","HOPS, CENTENNIAL - YIELD, MEASURED IN LB / ACRE",0.8305,TON/ACRE
OREGON,"HOPS, CHINOOK","HOPS, CHINOOK - YIELD, MEASURED IN LB / ACRE",0.8665,TON/ACRE
OREGON,"HOPS, CITRA R, HBC 394","HOPS, CITRA R, HBC 394 - YIELD, MEASURED IN LB / ACRE",0.738,TON/ACRE
OREGON,"HOPS, CRYSTAL","HOPS, CRYSTAL - YIELD, MEASURED IN LB / ACRE",0.9715,TON/ACRE
OREGON,"HOPS, FUGGLE","HOPS, FUGGLE - YIELD, MEASURED IN LB / ACRE",0.6215,TON/ACRE
OREGON,"HOPS, GOLDING","HOPS, GOLDING - YIELD, MEASURED IN LB / ACRE",0.6755,TON/ACRE
OREGON,"HOPS, MOSAIC R, HBC 369","HOPS, MOSAIC R, HBC 369 - YIELD, MEASURED IN LB / ACRE",1.0565,TON/ACRE
OREGON,"HOPS, MT. HOOD","HOPS, MT. HOOD - YIELD, MEASURED IN LB / ACRE",0.769,TON/ACRE
OREGON,"HOPS, NUGGET","HOPS, NUGGET - YIELD, MEASURED IN LB / ACRE",1.065,TON/ACRE
OREGON,"HOPS, OTHER","HOPS, OTHER - YIELD, MEASURED IN LB / ACRE",0.8220000000000001,TON/ACRE
OREGON,"HOPS, SIMCOE R, YCR 14","HOPS, SIMCOE R, YCR 14 - YIELD, MEASURED IN LB / ACRE",0.9225,TON/ACRE
OREGON,"HOPS, STERLING","HOPS, STERLING - YIELD, MEASURED IN LB / ACRE",0.8215,TON/ACRE
OREGON,"HOPS, STRATA R OR91331","HOPS, STRATA R OR91331 - YIELD, MEASURED IN LB / ACRE",1.033,TON/ACRE
OREGON,"HOPS, SUPER GALENA TM","HOPS, SUPER GALENA TM - YIELD, MEASURED IN LB / ACRE",1.29,TON/ACRE
OREGON,"HOPS, WILLAMETTE","HOPS, WILLAMETTE - YIELD, MEASURED IN LB / ACRE",0.8585,TON/ACRE
OREGON,"MINT, PEPPERMINT, OIL","MINT, PEPPERMINT, OIL - YIELD, MEASURED IN LB / ACRE",0.0495,TON/ACRE
OREGON,"MINT, SPEARMINT, OIL","MINT, SPEARMINT, OIL - YIELD, MEASURED IN LB / ACRE",0.0625,TON/ACRE
OREGON,OATS,"OATS - YIELD, MEASURED IN BU / ACRE",2.716,TON/ACRE
OREGON,"ONIONS, DRY","ONIONS, DRY - YIELD, MEASURED IN CWT / ACRE",36.75,TON/ACRE
OREGON,PEARS,"PEARS - YIELD, MEASURED IN TONS / ACRE",15.7,TON/ACRE
OREGON,"PEAS, GREEN","PEAS, GREEN - YIELD, MEASURED IN CWT / ACRE",1.695,TON/ACRE
OREGON,POTATOES,"POTATOES - YIELD, MEASURED IN CWT / ACRE",29.5,TON/ACRE
OREGON,PUMPKINS,"PUMPKINS - YIELD, MEASURED IN CWT / ACRE",15.75,TON/ACRE
OREGON,SQUASH,"SQUASH - YIELD, MEASURED IN CWT / ACRE",16.25,TON/ACRE
OREGON,SUGARBEETS,"SUGARBEETS - YIELD, MEASURED IN TONS / ACRE",38.5,TON/ACRE
OREGON,SWEET CORN,"SWEET CORN - YIELD, MEASURED IN CWT / ACRE",10.25,TON/ACRE
OREGON,WHEAT,"WHEAT - YIELD, MEASURED IN BU / ACRE",1.9040000000000001,TON/ACRE
OREGON,"WHEAT, WINTER","WHEAT, WINTER - YIELD, MEASURED IN BU / ACRE",1.9040000000000001,TON/ACRE
OTHER STATES,ARTICHOKES,"ARTICHOKES - YIELD, MEASURED IN CWT / ACRE",0.0,TON/ACRE
OTHER STATES,BARLEY,"BARLEY - YIELD, MEASURED IN BU / ACRE",0.0,TON/ACRE
OTHER STATES,"BEANS, DRY EDIBLE, (EXCL CHICKPEAS)","BEANS, DRY EDIBLE, (EXCL CHICKPEAS) - YIELD, MEASURED IN LB / ACRE",0.0,TON/ACRE
OTHER STATES,"BEANS, DRY EDIBLE, BLACK","BEANS, DRY EDIBLE, BLACK - YIELD, MEASURED IN LB / ACRE",0.9455,TON/ACRE
OTHER STATES,"BEANS, DRY EDIBLE, BLACKEYE","BEANS, DRY EDIBLE, BLACKEYE - YIELD, MEASURED IN LB / ACRE",0.7155,TON/ACRE
OTHER STATES,"BEANS, DRY EDIBLE, CRANBERRY","BEANS, DRY EDIBLE, CRANBERRY - YIELD, MEASURED IN LB / ACRE",0.6755,TON/ACRE
OTHER STATES,"BEANS, DRY EDIBLE, DARK, RED, KIDNEY","BEANS, DRY EDIBLE, DARK, RED, KIDNEY - YIELD, MEASURED IN LB / ACRE",0.779,TON/ACRE
OTHER STATES,"BEANS, DRY EDIBLE, GREAT NORTHERN","BEANS, DRY EDIBLE, GREAT NORTHERN - YIELD, MEASURED IN LB / ACRE",1.0835000000000001,TON/ACRE
OTHER STATES,"BEANS, DRY EDIBLE, LIGHT, RED, KIDNEY","BEANS, DRY EDIBLE, LIGHT, RED, KIDNEY - YIELD, MEASURED IN LB / ACRE",1.2965,TON/ACRE
OTHER STATES,"BEANS, DRY EDIBLE, LIMA, BABY","BEANS, DRY EDIBLE, LIMA, BABY - YIELD, MEASURED IN LB / ACRE",1.119,TON/ACRE
OTHER STATES,"BEANS, DRY EDIBLE, LIMA, LARGE","BEANS, DRY EDIBLE, LIMA, LARGE - YIELD, MEASURED IN LB / ACRE",0.7335,TON/ACRE
OTHER STATES,"BEANS, DRY EDIBLE, NAVY","BEANS, DRY EDIBLE, NAVY - YIELD, MEASURED IN LB / ACRE",1.3235000000000001,TON/ACRE
OTHER STATES,"BEANS, DRY EDIBLE, OTHER, NOT LISTED","BEANS, DRY EDIBLE, OTHER, NOT LISTED - YIELD, MEASURED IN LB / ACRE",1.1875,TON/ACRE
OTHER STATES,"BEANS, DRY EDIBLE, PINK","BEANS, DRY EDIBLE, PINK - YIELD, MEASURED IN LB / ACRE",0.798,TON/ACRE
OTHER STATES,"BEANS, DRY EDIBLE, SMALL, RED","BEANS, DRY EDIBLE, SMALL, RED - YIELD, MEASURED IN LB / ACRE",1.2,TON/ACRE
OTHER STATES,"BEANS, DRY EDIBLE, SMALL, WHITE","BEANS, DRY EDIBLE, SMALL, WHITE - YIELD, MEASURED IN LB / ACRE",1.07,TON/ACRE
OTHER STATES,CABBAGE,"CABBAGE - YIELD, MEASURED IN CWT / ACRE",18.3,TON/ACRE
OTHER STATES,CHICKPEAS,"CHICKPEAS - YIELD, MEASURED IN LB / ACRE",0.0,TON/ACRE
OTHER STATES,"CHICKPEAS, LARGE","CHICKPEAS, LARGE - YIELD, MEASURED IN LB / ACRE",1.0245,TON/ACRE
OTHER STATES,"CHICKPEAS, SMALL","CHICKPEAS, SMALL - YIELD, MEASURED IN LB / ACRE",1.1125,TON/ACRE
OTHER STATES,"CORN, GRAIN","CORN, GRAIN - YIELD, MEASURED IN BU / ACRE",0.0,TON/ACRE
OTHER STATES,"CORN, SILAGE","CORN, SILAGE - YIELD, MEASURED IN TONS / ACRE",0.0,TON/ACRE
OTHER STATES,CUCUMBERS,"CUCUMBERS - YIELD, MEASURED IN CWT / ACRE",3.8000000000000003,TON/ACRE
OTHER STATES,"HAY, (EXCL ALFALFA)","HAY, (EXCL ALFALFA) - YIELD, MEASURED IN TONS / ACRE",0.0,TON/ACRE
OTHER STATES,"HAY, ALFALFA","HAY, ALFALFA - YIELD, MEASURED IN TONS / ACRE",0.0,TON/ACRE
OTHER STATES,"MELONS, HONEYDEW","MELONS, HONEYDEW - YIELD, MEASURED IN CWT / ACRE",0.0,TON/ACRE
OTHER STATES,"MELONS, WATERMELON","MELONS, WATERMELON - YIELD, MEASURED IN CWT / ACRE",0.0,TON/ACRE
OTHER STATES,OATS,"OATS - YIELD, MEASURED IN BU / ACRE",0.0,TON/ACRE
OTHER STATES,PEANUTS,"PEANUTS - YIELD, MEASURED IN LB / ACRE",0.0,TON/ACRE
OTHER STATES,PUMPKINS,"PUMPKINS - YIELD, MEASURED IN CWT / ACRE",14.100000000000001,TON/ACRE
OTHER STATES,RYE,"RYE - YIELD, MEASURED IN BU / ACRE",0.9212,TON/ACRE
OTHER STATES,SPINACH,"SPINACH - YIELD, MEASURED IN CWT / ACRE",7.75,TON/ACRE
OTHER STATES,SUNFLOWER,"SUNFLOWER - YIELD, MEASURED IN LB / ACRE",0.0,TON/ACRE
OTHER STATES,"SUNFLOWER, NON","SUNFLOWER, NON-OIL TYPE - YIELD, MEASURED IN LB / ACRE",0.0,TON/ACRE
OTHER STATES,"SUNFLOWER, OIL TYPE","SUNFLOWER, OIL TYPE - YIELD, MEASURED IN LB / ACRE",0.0,TON/ACRE
OTHER STATES,"WHEAT, WINTER","WHEAT, WINTER - YIELD, MEASURED IN BU / ACRE",0.0,TON/ACRE
PENNSYLVANIA,APPLES,"APPLES - YIELD, MEASURED IN LB / ACRE",13.0,TON/ACRE
PENNSYLVANIA,BARLEY,"BARLEY - YIELD, MEASURED IN BU / ACRE",1.932,TON/ACRE
PENNSYLVANIA,"BEANS, SNAP","BEANS, SNAP - YIELD, MEASURED IN CWT / ACRE",3.4000000000000004,TON/ACRE
PENNSYLVANIA,"CORN, GRAIN","CORN, GRAIN - YIELD, MEASURED IN BU / ACRE",4.284,TON/ACRE
PENNSYLVANIA,"CORN, SILAGE","CORN, SILAGE - YIELD, MEASURED IN TONS / ACRE",20.0,TON/ACRE
PENNSYLVANIA,HAY,"HAY - YIELD, MEASURED IN TONS / ACRE",2.47,TON/ACRE
PENNSYLVANIA,"HAY, (EXCL ALFALFA)","HAY, (EXCL ALFALFA) - YIELD, MEASURED IN TONS / ACRE",2.3,TON/ACRE
PENNSYLVANIA,"HAY, ALFALFA","HAY, ALFALFA - YIELD, MEASURED IN TONS / ACRE",3.0,TON/ACRE
PENNSYLVANIA,HAY & HAYLAGE,"HAY & HAYLAGE - YIELD, MEASURED IN TONS / ACRE, DRY BASIS",2.99,TON/ACRE
PENNSYLVANIA,"HAY & HAYLAGE, (EXCL ALFALFA)","HAY & HAYLAGE, (EXCL ALFALFA) - YIELD, MEASURED IN TONS / ACRE, DRY BASIS",2.49,TON/ACRE
PENNSYLVANIA,"HAY & HAYLAGE, ALFALFA","HAY & HAYLAGE, ALFALFA - YIELD, MEASURED IN TONS / ACRE, DRY BASIS",4.37,TON/ACRE
PENNSYLVANIA,HAYLAGE,"HAYLAGE - YIELD, MEASURED IN TONS / ACRE",6.57,TON/ACRE
PENNSYLVANIA,"HAYLAGE, (EXCL ALFALFA)","HAYLAGE, (EXCL ALFALFA) - YIELD, MEASURED IN TONS / ACRE",5.2,TON/ACRE
PENNSYLVANIA,"HAYLAGE, ALFALFA","HAYLAGE, ALFALFA - YIELD, MEASURED IN TONS / ACRE",8.0,TON/ACRE
PENNSYLVANIA,OATS,"OATS - YIELD, MEASURED IN BU / ACRE",1.484,TON/ACRE
PENNSYLVANIA,PEACHES,"PEACHES - YIELD, MEASURED IN TONS / ACRE",5.2,TON/ACRE
PENNSYLVANIA,PUMPKINS,"PUMPKINS - YIELD, MEASURED IN CWT / ACRE",5.25,TON/ACRE
PENNSYLVANIA,RYE,"RYE - YIELD, MEASURED IN BU / ACRE",0.728,TON/ACRE
PENNSYLVANIA,SOYBEANS,"SOYBEANS - YIELD, MEASURED IN BU / ACRE",1.372,TON/ACRE
PENNSYLVANIA,TOBACCO,"TOBACCO - YIELD, MEASURED IN LB / ACRE",1.2690000000000001,TON/ACRE
PENNSYLVANIA,"TOBACCO, AIR","TOBACCO, AIR-CURED LIGHT BURLEY (TYPE 31) - YIELD, MEASURED IN LB / ACRE",1.3,TON/ACRE
PENNSYLVANIA,"TOBACCO, CIGAR FILLER PA SEED LEAF (TYPE 41)","TOBACCO, CIGAR FILLER PA SEED LEAF (TYPE 41) - YIELD, MEASURED IN LB / ACRE",1.2750000000000001,TON/ACRE
PENNSYLVANIA,WHEAT,"WHEAT - YIELD, MEASURED IN BU / ACRE",2.044,TON/ACRE
PENNSYLVANIA,"WHEAT, WINTER","WHEAT, WINTER - YIELD, MEASURED IN BU / ACRE",2.044,TON/ACRE
RHODE ISLAND,"CORN, SILAGE","CORN, SILAGE - YIELD, MEASURED IN TONS / ACRE",20.0,TON/ACRE
RHODE ISLAND,HAY,"HAY - YIELD, MEASURED IN TONS / ACRE",1.4,TON/ACRE
RHODE ISLAND,"HAY, (EXCL ALFALFA)","HAY, (EXCL ALFALFA) - YIELD, MEASURED IN TONS / ACRE",1.3,TON/ACRE
RHODE ISLAND,"HAY, ALFALFA","HAY, ALFALFA - YIELD, MEASURED IN TONS / ACRE",2.2,TON/ACRE
SOUTH CAROLINA,"CORN, GRAIN","CORN, GRAIN - YIELD, MEASURED IN BU / ACRE",2.968,TON/ACRE
SOUTH CAROLINA,"CORN, SILAGE","CORN, SILAGE - YIELD, MEASURED IN TONS / ACRE",14.0,TON/ACRE
SOUTH CAROLINA,COTTON,"COTTON - YIELD, MEASURED IN LB / ACRE",0.4045,TON/ACRE
SOUTH CAROLINA,"COTTON, UPLAND","COTTON, UPLAND - YIELD, MEASURED IN LB / ACRE",0.4045,TON/ACRE
SOUTH CAROLINA,HAY,"HAY - YIELD, MEASURED IN TONS / ACRE",2.1,TON/ACRE
SOUTH CAROLINA,"HAY, (EXCL ALFALFA)","HAY, (EXCL ALFALFA) - YIELD, MEASURED IN TONS / ACRE",2.1,TON/ACRE
SOUTH CAROLINA,"MELONS, WATERMELON","MELONS, WATERMELON - YIELD, MEASURED IN CWT / ACRE",16.0,TON/ACRE
SOUTH CAROLINA,PEACHES,"PEACHES - YIELD, MEASURED IN TONS / ACRE",5.0,TON/ACRE
SOUTH CAROLINA,PEANUTS,"PEANUTS - YIELD, MEASURED IN LB / ACRE",1.9000000000000001,TON/ACRE
SOUTH CAROLINA,SOYBEANS,"SOYBEANS - YIELD, MEASURED IN BU / ACRE",0.728,TON/ACRE
SOUTH CAROLINA,TOBACCO,"TOBACCO - YIELD, MEASURED IN LB / ACRE",0.925,TON/ACRE
SOUTH CAROLINA,"TOBACCO, FLUE","TOBACCO, FLUE-CURED (CLASS 1) - YIELD, MEASURED IN LB / ACRE",0.925,TON/ACRE
SOUTH CAROLINA,WHEAT,"WHEAT - YIELD, MEASURED IN BU / ACRE",1.344,TON/ACRE
SOUTH CAROLINA,"WHEAT, WINTER","WHEAT, WINTER - YIELD, MEASURED IN BU / ACRE",1.344,TON/ACRE
SOUTH DAKOTA,BARLEY,"BARLEY - YIELD, MEASURED IN BU / ACRE",1.204,TON/ACRE
SOUTH DAKOTA,"CORN, GRAIN","CORN, GRAIN - YIELD, MEASURED IN BU / ACRE",4.032,TON/ACRE
SOUTH DAKOTA,"CORN, SILAGE","CORN, SILAGE - YIELD, MEASURED IN TONS / ACRE",17.5,TON/ACRE
SOUTH DAKOTA,HAY,"HAY - YIELD, MEASURED IN TONS / ACRE",2.1,TON/ACRE
SOUTH DAKOTA,"HAY, (EXCL ALFALFA)","HAY, (EXCL ALFALFA) - YIELD, MEASURED IN TONS / ACRE",1.75,TON/ACRE
SOUTH DAKOTA,"HAY, ALFALFA","HAY, ALFALFA - YIELD, MEASURED IN TONS / ACRE",2.35,TON/ACRE
SOUTH DAKOTA,HAY & HAYLAGE,"HAY & HAYLAGE - YIELD, MEASURED IN TONS / ACRE, DRY BASIS",2.12,TON/ACRE
SOUTH DAKOTA,"HAY & HAYLAGE, (EXCL ALFALFA)","HAY & HAYLAGE, (EXCL ALFALFA) - YIELD, MEASURED IN TONS / ACRE, DRY BASIS",1.79,TON/ACRE
SOUTH DAKOTA,"HAY & HAYLAGE, ALFALFA","HAY & HAYLAGE, ALFALFA - YIELD, MEASURED IN TONS / ACRE, DRY BASIS",2.36,TON/ACRE
SOUTH DAKOTA,HAYLAGE,"HAYLAGE - YIELD, MEASURED IN TONS / ACRE",3.89,TON/ACRE
SOUTH DAKOTA,"HAYLAGE, (EXCL ALFALFA)","HAYLAGE, (EXCL ALFALFA) - YIELD, MEASURED IN TONS / ACRE",4.5,TON/ACRE
SOUTH DAKOTA,"HAYLAGE, ALFALFA","HAYLAGE, ALFALFA - YIELD, MEASURED IN TONS / ACRE",3.5,TON/ACRE
SOUTH DAKOTA,"MILLET, PROSO","MILLET, PROSO - YIELD, MEASURED IN BU / ACRE",1.064,TON/ACRE
SOUTH DAKOTA,OATS,"OATS - YIELD, MEASURED IN BU / ACRE",2.2960000000000003,TON/ACRE
SOUTH DAKOTA,"PEAS, DRY EDIBLE","PEAS, DRY EDIBLE - YIELD, MEASURED IN LB / ACRE",1.085,TON/ACRE
SOUTH DAKOTA,SAFFLOWER,"SAFFLOWER - YIELD, MEASURED IN LB / ACRE",0.3,TON/ACRE
SOUTH DAKOTA,"SORGHUM, GRAIN","SORGHUM, GRAIN - YIELD, MEASURED IN BU / ACRE",2.24,TON/ACRE
SOUTH DAKOTA,"SORGHUM, SILAGE","SORGHUM, SILAGE - YIELD, MEASURED IN TONS / ACRE",13.0,TON/ACRE
SOUTH DAKOTA,SOYBEANS,"SOYBEANS - YIELD, MEASURED IN BU / ACRE",1.19,TON/ACRE
SOUTH DAKOTA,SUNFLOWER,"SUNFLOWER - YIELD, MEASURED IN LB / ACRE",0.847,TON/ACRE
SOUTH DAKOTA,"SUNFLOWER, NON","SUNFLOWER, NON-OIL TYPE - YIELD, MEASURED IN LB / ACRE",0.8,TON/ACRE
SOUTH DAKOTA,"SUNFLOWER, OIL TYPE","SUNFLOWER, OIL TYPE - YIELD, MEASURED IN LB / ACRE",0.85,TON/ACRE
SOUTH DAKOTA,WHEAT,"WHEAT - YIELD, MEASURED IN BU / ACRE",1.3468,TON/ACRE
SOUTH DAKOTA,"WHEAT, SPRING, (EXCL DURUM)","WHEAT, SPRING, (EXCL DURUM) - YIELD, MEASURED IN BU / ACRE",1.204,TON/ACRE
SOUTH DAKOTA,"WHEAT, WINTER","WHEAT, WINTER - YIELD, MEASURED IN BU / ACRE",1.456,TON/ACRE
TENNESSEE,"CORN, GRAIN","CORN, GRAIN - YIELD, MEASURED IN BU / ACRE",4.956,TON/ACRE
TENNESSEE,"CORN, SILAGE","CORN, SILAGE - YIELD, MEASURED IN TONS / ACRE",20.0,TON/ACRE
TENNESSEE,COTTON,"COTTON - YIELD, MEASURED IN LB / ACRE",0.5690000000000001,TON/ACRE
TENNESSEE,"COTTON, UPLAND","COTTON, UPLAND - YIELD, MEASURED IN LB / ACRE",0.5690000000000001,TON/ACRE
TENNESSEE,HAY,"HAY - YIELD, MEASURED IN TONS / ACRE",2.31,TON/ACRE
TENNESSEE,"HAY, (EXCL ALFALFA)","HAY, (EXCL ALFALFA) - YIELD, MEASURED IN TONS / ACRE",2.3,TON/ACRE
TENNESSEE,"HAY, ALFALFA","HAY, ALFALFA - YIELD, MEASURED IN TONS / ACRE",3.7,TON/ACRE
TENNESSEE,SOYBEANS,"SOYBEANS - YIELD, MEASURED IN BU / ACRE",1.316,TON/ACRE
TENNESSEE,TOBACCO,"TOBACCO - YIELD, MEASURED IN LB / ACRE",1.169,TON/ACRE
TENNESSEE,"TOBACCO, AIR","TOBACCO, AIR-CURED DARK (CLASS 3B) - YIELD, MEASURED IN LB / ACRE",1.075,TON/ACRE
TENNESSEE,"TOBACCO, FIRE","TOBACCO, FIRE-CURED (CLASS 2) - YIELD, MEASURED IN LB / ACRE",1.4000000000000001,TON/ACRE
TENNESSEE,WHEAT,"WHEAT - YIELD, MEASURED IN BU / ACRE",1.8760000000000001,TON/ACRE
TENNESSEE,"WHEAT, WINTER","WHEAT, WINTER - YIELD, MEASURED IN BU / ACRE",1.8760000000000001,TON/ACRE
TEXAS,"CORN, GRAIN","CORN, GRAIN - YIELD, MEASURED IN BU / ACRE",3.724,TON/ACRE
TEXAS,"CORN, SILAGE","CORN, SILAGE - YIELD, MEASURED IN TONS / ACRE",20.0,TON/ACRE
TEXAS,COTTON,"COTTON - YIELD, MEASURED IN LB / ACRE",0.2945,TON/ACRE
TEXAS,"COTTON, PIMA","COTTON, PIMA - YIELD, MEASURED IN LB / ACRE",0.40800000000000003,TON/ACRE
TEXAS,"COTTON, UPLAND","COTTON, UPLAND - YIELD, MEASURED IN LB / ACRE",0.2945,TON/ACRE
TEXAS,GRAPEFRUIT,"GRAPEFRUIT - YIELD, MEASURED IN BOXES / ACRE",7.72,TON/ACRE
TEXAS,HAY,"HAY - YIELD, MEASURED IN TONS / ACRE",1.87,TON/ACRE
TEXAS,"HAY, (EXCL ALFALFA)","HAY, (EXCL ALFALFA) - YIELD, MEASURED IN TONS / ACRE",1.8,TON/ACRE
TEXAS,"HAY, ALFALFA","HAY, ALFALFA - YIELD, MEASURED IN TONS / ACRE",4.8,TON/ACRE
TEXAS,HAY & HAYLAGE,"HAY & HAYLAGE - YIELD, MEASURED IN TONS / ACRE, DRY BASIS",1.98,TON/ACRE
TEXAS,"HAY & HAYLAGE, (EXCL ALFALFA)","HAY & HAYLAGE, (EXCL ALFALFA) - YIELD, MEASURED IN TONS / ACRE, DRY BASIS",1.9,TON/ACRE
TEXAS,"HAY & HAYLAGE, ALFALFA","HAY & HAYLAGE, ALFALFA - YIELD, MEASURED IN TONS / ACRE, DRY BASIS",4.9,TON/ACRE
TEXAS,HAYLAGE,"HAYLAGE - YIELD, MEASURED IN TONS / ACRE",7.97,TON/ACRE
TEXAS,"HAYLAGE, (EXCL ALFALFA)","HAYLAGE, (EXCL ALFALFA) - YIELD, MEASURED IN TONS / ACRE",8.0,TON/ACRE
TEXAS,"HAYLAGE, ALFALFA","HAYLAGE, ALFALFA - YIELD, MEASURED IN TONS / ACRE",7.5,TON/ACRE
TEXAS,"MELONS, WATERMELON","MELONS, WATERMELON - YIELD, MEASURED IN CWT / ACRE",14.5,TON/ACRE
TEXAS,OATS,"OATS - YIELD, MEASURED IN BU / ACRE",1.4000000000000001,TON/ACRE
TEXAS,"ONIONS, DRY","ONIONS, DRY - YIELD, MEASURED IN CWT / ACRE",17.0,TON/ACRE
TEXAS,ORANGES,"ORANGES - YIELD, MEASURED IN BOXES / ACRE",7.833,TON/ACRE
TEXAS,"ORANGES, MID & NAVEL","ORANGES, MID & NAVEL - YIELD, MEASURED IN BOXES / ACRE",10.08,TON/ACRE
TEXAS,"ORANGES, VALENCIA","ORANGES, VALENCIA - YIELD, MEASURED IN BOXES / ACRE",2.898,TON/ACRE
TEXAS,PEANUTS,"PEANUTS - YIELD, MEASURED IN LB / ACRE",1.55,TON/ACRE
TEXAS,PECANS,"PECANS - YIELD, MEASURED IN LB / ACRE",0.1675,TON/ACRE
TEXAS,POTATOES,"POTATOES - YIELD, MEASURED IN CWT / ACRE",24.0,TON/ACRE
TEXAS,RICE,"RICE - YIELD, MEASURED IN LB / ACRE",3.6750000000000003,TON/ACRE
TEXAS,"RICE, LONG GRAIN","RICE, LONG GRAIN - YIELD, MEASURED IN LB / ACRE",3.7,TON/ACRE
TEXAS,"RICE, MEDIUM GRAIN","RICE, MEDIUM GRAIN - YIELD, MEASURED IN LB / ACRE",2.5,TON/ACRE
TEXAS,"SORGHUM, GRAIN","SORGHUM, GRAIN - YIELD, MEASURED IN BU / ACRE",1.708,TON/ACRE
TEXAS,"SORGHUM, SILAGE","SORGHUM, SILAGE - YIELD, MEASURED IN TONS / ACRE",12.5,TON/ACRE
TEXAS,SOYBEANS,"SOYBEANS - YIELD, MEASURED IN BU / ACRE",0.784,TON/ACRE
TEXAS,"SUGARCANE, SEED","SUGARCANE, SEED - YIELD, MEASURED IN TONS / ACRE",36.5,TON/ACRE
TEXAS,"SUGARCANE, SUGAR & SEED","SUGARCANE, SUGAR & SEED - YIELD, MEASURED IN TONS / ACRE",33.8,TON/ACRE
TEXAS,"SUGARCANE, SUGAR","SUGARCANE, SUGAR - YIELD, MEASURED IN TONS / ACRE",33.6,TON/ACRE
TEXAS,SUNFLOWER,"SUNFLOWER - YIELD, MEASURED IN LB / ACRE",0.65,TON/ACRE
TEXAS,"SUNFLOWER, NON","SUNFLOWER, NON-OIL TYPE - YIELD, MEASURED IN LB / ACRE",0.65,TON/ACRE
TEXAS,"SUNFLOWER, OIL TYPE","SUNFLOWER, OIL TYPE - YIELD, MEASURED IN LB / ACRE",0.65,TON/ACRE
TEXAS,WHEAT,"WHEAT - YIELD, MEASURED IN BU / ACRE",0.9520000000000001,TON/ACRE
TEXAS,"WHEAT, WINTER","WHEAT, WINTER - YIELD, MEASURED IN BU / ACRE",0.9520000000000001,TON/ACRE
TEXAS,"WHEAT, WINTER, IRRIGATED","WHEAT, WINTER, IRRIGATED - YIELD, MEASURED IN BU / ACRE",1.442,TON/ACRE
TEXAS,"WHEAT, WINTER, NON","WHEAT, WINTER, NON-IRRIGATED - YIELD, MEASURED IN BU / ACRE",0.868,TON/ACRE
UTAH,BARLEY,"BARLEY - YIELD, MEASURED IN BU / ACRE",2.604,TON/ACRE
UTAH,"CHERRIES, TART","CHERRIES, TART - YIELD, MEASURED IN LB / ACRE",7.8500000000000005,TON/ACRE
UTAH,"CORN, GRAIN","CORN, GRAIN - YIELD, MEASURED IN BU / ACRE",4.0040000000000004,TON/ACRE
UTAH,"CORN, SILAGE","CORN, SILAGE - YIELD, MEASURED IN TONS / ACRE",24.0,TON/ACRE
UTAH,HAY,"HAY - YIELD, MEASURED IN TONS / ACRE",3.85,TON/ACRE
UTAH,"HAY, (EXCL ALFALFA)","HAY, (EXCL ALFALFA) - YIELD, MEASURED IN TONS / ACRE",2.5,TON/ACRE
UTAH,"HAY, ALFALFA","HAY, ALFALFA - YIELD, MEASURED IN TONS / ACRE",4.3,TON/ACRE
UTAH,SAFFLOWER,"SAFFLOWER - YIELD, MEASURED IN LB / ACRE",0.525,TON/ACRE
UTAH,WHEAT,"WHEAT - YIELD, MEASURED IN BU / ACRE",1.512,TON/ACRE
UTAH,"WHEAT, WINTER","WHEAT, WINTER - YIELD, MEASURED IN BU / ACRE",1.512,TON/ACRE
VERMONT,"CORN, SILAGE","CORN, SILAGE - YIELD, MEASURED IN TONS / ACRE",18.0,TON/ACRE
VERMONT,HAY,"HAY - YIELD, MEASURED IN TONS / ACRE",1.86,TON/ACRE
VERMONT,"HAY, (EXCL ALFALFA)","HAY, (EXCL ALFALFA) - YIELD, MEASURED IN TONS / ACRE",1.8,TON/ACRE
VERMONT,"HAY, ALFALFA","HAY, ALFALFA - YIELD, MEASURED IN TONS / ACRE",2.3,TON/ACRE
VERMONT,HAY & HAYLAGE,"HAY & HAYLAGE - YIELD, MEASURED IN TONS / ACRE, DRY BASIS",3.54,TON/ACRE
VERMONT,"HAY & HAYLAGE, (EXCL ALFALFA)","HAY & HAYLAGE, (EXCL ALFALFA) - YIELD, MEASURED IN TONS / ACRE, DRY BASIS",3.33,TON/ACRE
VERMONT,"HAY & HAYLAGE, ALFALFA","HAY & HAYLAGE, ALFALFA - YIELD, MEASURED IN TONS / ACRE, DRY BASIS",4.94,TON/ACRE
VERMONT,HAYLAGE,"HAYLAGE - YIELD, MEASURED IN TONS / ACRE",7.85,TON/ACRE
VERMONT,"HAYLAGE, (EXCL ALFALFA)","HAYLAGE, (EXCL ALFALFA) - YIELD, MEASURED IN TONS / ACRE",8.0,TON/ACRE
VERMONT,"HAYLAGE, ALFALFA","HAYLAGE, ALFALFA - YIELD, MEASURED IN TONS / ACRE",7.3,TON/ACRE
VIRGINIA,APPLES,"APPLES - YIELD, MEASURED IN LB / ACRE",10.0,TON/ACRE
VIRGINIA,BARLEY,"BARLEY - YIELD, MEASURED IN BU / ACRE",1.82,TON/ACRE
VIRGINIA,"CORN, GRAIN","CORN, GRAIN - YIELD, MEASURED IN BU / ACRE",4.032,TON/ACRE
VIRGINIA,"CORN, SILAGE","CORN, SILAGE - YIELD, MEASURED IN TONS / ACRE",19.0,TON/ACRE
VIRGINIA,COTTON,"COTTON - YIELD, MEASURED IN LB / ACRE",0.5720000000000001,TON/ACRE
VIRGINIA,"COTTON, UPLAND","COTTON, UPLAND - YIELD, MEASURED IN LB / ACRE",0.5720000000000001,TON/ACRE
VIRGINIA,HAY,"HAY - YIELD, MEASURED IN TONS / ACRE",2.23,TON/ACRE
VIRGINIA,"HAY, (EXCL ALFALFA)","HAY, (EXCL ALFALFA) - YIELD, MEASURED IN TONS / ACRE",2.2,TON/ACRE
VIRGINIA,"HAY, ALFALFA","HAY, ALFALFA - YIELD, MEASURED IN TONS / ACRE",3.0,TON/ACRE
VIRGINIA,PEANUTS,"PEANUTS - YIELD, MEASURED IN LB / ACRE",2.325,TON/ACRE
VIRGINIA,PUMPKINS,"PUMPKINS - YIELD, MEASURED IN CWT / ACRE",8.25,TON/ACRE
VIRGINIA,SOYBEANS,"SOYBEANS - YIELD, MEASURED IN BU / ACRE",0.9520000000000001,TON/ACRE
VIRGINIA,TOBACCO,"TOBACCO - YIELD, MEASURED IN LB / ACRE",0.9490000000000001,TON/ACRE
VIRGINIA,"TOBACCO, AIR","TOBACCO, AIR-CURED LIGHT BURLEY (TYPE 31) - YIELD, MEASURED IN LB / ACRE",0.9500000000000001,TON/ACRE
VIRGINIA,"TOBACCO, FIRE","TOBACCO, FIRE-CURED (CLASS 2) - YIELD, MEASURED IN LB / ACRE",0.9,TON/ACRE
VIRGINIA,"TOBACCO, FLUE","TOBACCO, FLUE-CURED (CLASS 1) - YIELD, MEASURED IN LB / ACRE",0.9500000000000001,TON/ACRE
VIRGINIA,WHEAT,"WHEAT - YIELD, MEASURED IN BU / ACRE",1.736,TON/ACRE
VIRGINIA,"WHEAT, WINTER","WHEAT, WINTER - YIELD, MEASURED IN BU / ACRE",1.736,TON/ACRE
WASHINGTON,APPLES,"APPLES - YIELD, MEASURED IN LB / ACRE",22.1,TON/ACRE
WASHINGTON,APRICOTS,"APRICOTS - YIELD, MEASURED IN TONS / ACRE",3.8,TON/ACRE
WASHINGTON,ASPARAGUS,"ASPARAGUS - YIELD, MEASURED IN CWT / ACRE",2.5,TON/ACRE
WASHINGTON,BARLEY,"BARLEY - YIELD, MEASURED IN BU / ACRE",1.96,TON/ACRE
WASHINGTON,"BEANS, DRY EDIBLE, (EXCL CHICKPEAS)","BEANS, DRY EDIBLE, (EXCL CHICKPEAS) - YIELD, MEASURED IN LB / ACRE",1.325,TON/ACRE
WASHINGTON,"BEANS, DRY EDIBLE, BLACK","BEANS, DRY EDIBLE, BLACK - YIELD, MEASURED IN LB / ACRE",1.445,TON/ACRE
WASHINGTON,"BEANS, DRY EDIBLE, CRANBERRY","BEANS, DRY EDIBLE, CRANBERRY - YIELD, MEASURED IN LB / ACRE",1.3,TON/ACRE
WASHINGTON,"BEANS, DRY EDIBLE, GREAT NORTHERN","BEANS, DRY EDIBLE, GREAT NORTHERN - YIELD, MEASURED IN LB / ACRE",1.43,TON/ACRE
WASHINGTON,"BEANS, DRY EDIBLE, OTHER, NOT LISTED","BEANS, DRY EDIBLE, OTHER, NOT LISTED - YIELD, MEASURED IN LB / ACRE",1.345,TON/ACRE
WASHINGTON,"BEANS, DRY EDIBLE, PINTO","BEANS, DRY EDIBLE, PINTO - YIELD, MEASURED IN LB / ACRE",1.4000000000000001,TON/ACRE
WASHINGTON,"BEANS, DRY EDIBLE, SMALL, RED","BEANS, DRY EDIBLE, SMALL, RED - YIELD, MEASURED IN LB / ACRE",1.26,TON/ACRE
WASHINGTON,"BLUEBERRIES, TAME","BLUEBERRIES, TAME - YIELD, MEASURED IN LB / ACRE",4.53,TON/ACRE
WASHINGTON,CANOLA,"CANOLA - YIELD, MEASURED IN LB / ACRE",0.975,TON/ACRE
WASHINGTON,CARROTS,"CARROTS - YIELD, MEASURED IN CWT / ACRE",38.0,TON/ACRE
WASHINGTON,"CHERRIES, SWEET","CHERRIES, SWEET - YIELD, MEASURED IN TONS / ACRE",5.5,TON/ACRE
WASHINGTON,"CHERRIES, TART","CHERRIES, TART - YIELD, MEASURED IN LB / ACRE",6.1000000000000005,TON/ACRE
WASHINGTON,CHICKPEAS,"CHICKPEAS - YIELD, MEASURED IN LB / ACRE",0.85,TON/ACRE
WASHINGTON,"CHICKPEAS, LARGE","CHICKPEAS, LARGE - YIELD, MEASURED IN LB / ACRE",0.8300000000000001,TON/ACRE
WASHINGTON,"CHICKPEAS, SMALL","CHICKPEAS, SMALL - YIELD, MEASURED IN LB / ACRE",0.925,TON/ACRE
WASHINGTON,"CORN, GRAIN","CORN, GRAIN - YIELD, MEASURED IN BU / ACRE",6.636,TON/ACRE
WASHINGTON,"CORN, SILAGE","CORN, SILAGE - YIELD, MEASURED IN TONS / ACRE",23.0,TON/ACRE
WASHINGTON,GRAPES,"GRAPES - YIELD, MEASURED IN TONS / ACRE",5.31,TON/ACRE
WASHINGTON,"GRAPES, JUICE TYPE","GRAPES, JUICE TYPE - YIELD, MEASURED IN TONS / ACRE",10.1,TON/ACRE
WASHINGTON,"GRAPES, WINE TYPE","GRAPES, WINE TYPE - YIELD, MEASURED IN TONS / ACRE",3.66,TON/ACRE
WASHINGTON,HAY,"HAY - YIELD, MEASURED IN TONS / ACRE",3.83,TON/ACRE
WASHINGTON,"HAY, (EXCL ALFALFA)","HAY, (EXCL ALFALFA) - YIELD, MEASURED IN TONS / ACRE",3.0,TON/ACRE
WASHINGTON,"HAY, ALFALFA","HAY, ALFALFA - YIELD, MEASURED IN TONS / ACRE",4.6,TON/ACRE
WASHINGTON,HAY & HAYLAGE,"HAY & HAYLAGE - YIELD, MEASURED IN TONS / ACRE, DRY BASIS",4.02,TON/ACRE
WASHINGTON,"HAY & HAYLAGE, (EXCL ALFALFA)","HAY & HAYLAGE, (EXCL ALFALFA) - YIELD, MEASURED IN TONS / ACRE, DRY BASIS",3.36,TON/ACRE
WASHINGTON,"HAY & HAYLAGE, ALFALFA","HAY & HAYLAGE, ALFALFA - YIELD, MEASURED IN TONS / ACRE, DRY BASIS",4.63,TON/ACRE
WASHINGTON,HAYLAGE,"HAYLAGE - YIELD, MEASURED IN TONS / ACRE",5.85,TON/ACRE
WASHINGTON,"HAYLAGE, (EXCL ALFALFA)","HAYLAGE, (EXCL ALFALFA) - YIELD, MEASURED IN TONS / ACRE",6.5,TON/ACRE
WASHINGTON,"HAYLAGE, ALFALFA","HAYLAGE, ALFALFA - YIELD, MEASURED IN TONS / ACRE",5.1,TON/ACRE
WASHINGTON,HOPS,"HOPS - YIELD, MEASURED IN LB / ACRE",1.0030000000000001,TON/ACRE
WASHINGTON,"HOPS, AHTANUM R, YCR 1","HOPS, AHTANUM R, YCR 1 - YIELD, MEASURED IN LB / ACRE",1.41,TON/ACRE
WASHINGTON,"HOPS, AMARILLO R, VGXP01","HOPS, AMARILLO R, VGXP01 - YIELD, MEASURED IN LB / ACRE",0.973,TON/ACRE
WASHINGTON,"HOPS, APOLLO TM","HOPS, APOLLO TM - YIELD, MEASURED IN LB / ACRE",1.3675,TON/ACRE
WASHINGTON,"HOPS, AZACCA R, ADHA","HOPS, AZACCA R, ADHA-483 - YIELD, MEASURED IN LB / ACRE",1.2205,TON/ACRE
WASHINGTON,"HOPS, BRAVO TM","HOPS, BRAVO TM - YIELD, MEASURED IN LB / ACRE",1.608,TON/ACRE
WASHINGTON,"HOPS, C/T/Z R","HOPS, C/T/Z R - YIELD, MEASURED IN LB / ACRE",1.292,TON/ACRE
WASHINGTON,"HOPS, CASCADE","HOPS, CASCADE - YIELD, MEASURED IN LB / ACRE",0.96,TON/ACRE
WASHINGTON,"HOPS, CASHMERE","HOPS, CASHMERE - YIELD, MEASURED IN LB / ACRE",0.8495,TON/ACRE
WASHINGTON,"HOPS, CENTENNIAL","HOPS, CENTENNIAL - YIELD, MEASURED IN LB / ACRE",0.91,TON/ACRE
WASHINGTON,"HOPS, CHINOOK","HOPS, CHINOOK - YIELD, MEASURED IN LB / ACRE",0.971,TON/ACRE
WASHINGTON,"HOPS, CITRA R, HBC 394","HOPS, CITRA R, HBC 394 - YIELD, MEASURED IN LB / ACRE",0.712,TON/ACRE
WASHINGTON,"HOPS, CLUSTER","HOPS, CLUSTER - YIELD, MEASURED IN LB / ACRE",0.9075,TON/ACRE
WASHINGTON,"HOPS, COMET","HOPS, COMET - YIELD, MEASURED IN LB / ACRE",0.6555,TON/ACRE
WASHINGTON,"HOPS, CRYSTAL","HOPS, CRYSTAL - YIELD, MEASURED IN LB / ACRE",0.9945,TON/ACRE
WASHINGTON,"HOPS, EKUANOT R, HBC 366","HOPS, EKUANOT R, HBC 366 - YIELD, MEASURED IN LB / ACRE",1.2415,TON/ACRE
WASHINGTON,"HOPS, EL DORADO R","HOPS, EL DORADO R - YIELD, MEASURED IN LB / ACRE",1.016,TON/ACRE
WASHINGTON,"HOPS, EUREKA! TM","HOPS, EUREKA! TM - YIELD, MEASURED IN LB / ACRE",1.594,TON/ACRE
WASHINGTON,"HOPS, EXPERIMENTAL","HOPS, EXPERIMENTAL - YIELD, MEASURED IN LB / ACRE",1.1255,TON/ACRE
WASHINGTON,"HOPS, GALENA","HOPS, GALENA - YIELD, MEASURED IN LB / ACRE",1.0225,TON/ACRE
WASHINGTON,"HOPS, HBC 682","HOPS, HBC 682 - YIELD, MEASURED IN LB / ACRE",1.199,TON/ACRE
WASHINGTON,"HOPS, IDAHO 7 R","HOPS, IDAHO 7 R - YIELD, MEASURED IN LB / ACRE",0.772,TON/ACRE
WASHINGTON,"HOPS, LORAL R, HBC 291","HOPS, LORAL R, HBC 291 - YIELD, MEASURED IN LB / ACRE",1.2575,TON/ACRE
WASHINGTON,"HOPS, MOSAIC R, HBC 369","HOPS, MOSAIC R, HBC 369 - YIELD, MEASURED IN LB / ACRE",1.027,TON/ACRE
WASHINGTON,"HOPS, MT. HOOD","HOPS, MT. HOOD - YIELD, MEASURED IN LB / ACRE",0.5185,TON/ACRE
WASHINGTON,"HOPS, MT. RAINIER","HOPS, MT. RAINIER - YIELD, MEASURED IN LB / ACRE",1.0745,TON/ACRE
WASHINGTON,"HOPS, NUGGET","HOPS, NUGGET - YIELD, MEASURED IN LB / ACRE",1.1565,TON/ACRE
WASHINGTON,"HOPS, OTHER","HOPS, OTHER - YIELD, MEASURED IN LB / ACRE",0.9440000000000001,TON/ACRE
WASHINGTON,"HOPS, PALISADE R, YCR 4","HOPS, PALISADE R, YCR 4 - YIELD, MEASURED IN LB / ACRE",1.26,TON/ACRE
WASHINGTON,"HOPS, SABRO R HBC 438","HOPS, SABRO R HBC 438 - YIELD, MEASURED IN LB / ACRE",0.806,TON/ACRE
WASHINGTON,"HOPS, SIMCOE R, YCR 14","HOPS, SIMCOE R, YCR 14 - YIELD, MEASURED IN LB / ACRE",0.894,TON/ACRE
WASHINGTON,"HOPS, SUMMIT TM","HOPS, SUMMIT TM - YIELD, MEASURED IN LB / ACRE",0.908,TON/ACRE
WASHINGTON,"HOPS, SUPER GALENA TM","HOPS, SUPER GALENA TM - YIELD, MEASURED IN LB / ACRE",1.4355,TON/ACRE
WASHINGTON,"HOPS, TAHOMA","HOPS, TAHOMA - YIELD, MEASURED IN LB / ACRE",0.979,TON/ACRE
WASHINGTON,"HOPS, WILLAMETTE","HOPS, WILLAMETTE - YIELD, MEASURED IN LB / ACRE",0.798,TON/ACRE
WASHINGTON,"HOPS, ZEUS","HOPS, ZEUS - YIELD, MEASURED IN LB / ACRE",1.31,TON/ACRE
WASHINGTON,LENTILS,"LENTILS - YIELD, MEASURED IN LB / ACRE",0.54,TON/ACRE
WASHINGTON,"MINT, PEPPERMINT, OIL","MINT, PEPPERMINT, OIL - YIELD, MEASURED IN LB / ACRE",0.065,TON/ACRE
WASHINGTON,"MINT, SPEARMINT, OIL","MINT, SPEARMINT, OIL - YIELD, MEASURED IN LB / ACRE",0.0755,TON/ACRE
WASHINGTON,"ONIONS, DRY","ONIONS, DRY - YIELD, MEASURED IN CWT / ACRE",36.0,TON/ACRE
WASHINGTON,PEACHES,"PEACHES - YIELD, MEASURED IN TONS / ACRE",6.52,TON/ACRE
WASHINGTON,PEARS,"PEARS - YIELD, MEASURED IN TONS / ACRE",16.2,TON/ACRE
WASHINGTON,"PEAS, DRY EDIBLE","PEAS, DRY EDIBLE - YIELD, MEASURED IN LB / ACRE",1.0,TON/ACRE
WASHINGTON,"PEAS, GREEN","PEAS, GREEN - YIELD, MEASURED IN CWT / ACRE",2.9450000000000003,TON/ACRE
WASHINGTON,POTATOES,"POTATOES - YIELD, MEASURED IN CWT / ACRE",32.0,TON/ACRE
WASHINGTON,PUMPKINS,"PUMPKINS - YIELD, MEASURED IN CWT / ACRE",8.5,TON/ACRE
WASHINGTON,RASPBERRIES,"RASPBERRIES - YIELD, MEASURED IN LB / ACRE",3.855,TON/ACRE
WASHINGTON,SUGARBEETS,"SUGARBEETS - YIELD, MEASURED IN TONS / ACRE",45.4,TON/ACRE
WASHINGTON,SWEET CORN,"SWEET CORN - YIELD, MEASURED IN CWT / ACRE",10.5,TON/ACRE
WASHINGTON,WHEAT,"WHEAT - YIELD, MEASURED IN BU / ACRE",1.8116,TON/ACRE
WASHINGTON,"WHEAT, SPRING, (EXCL DURUM)","WHEAT, SPRING, (EXCL DURUM) - YIELD, MEASURED IN BU / ACRE",1.316,TON/ACRE
WASHINGTON,"WHEAT, WINTER","WHEAT, WINTER - YIELD, MEASURED IN BU / ACRE",1.96,TON/ACRE
WEST VIRGINIA,"CORN, GRAIN","CORN, GRAIN - YIELD, MEASURED IN BU / ACRE",4.62,TON/ACRE
WEST VIRGINIA,"CORN, SILAGE","CORN, SILAGE - YIELD, MEASURED IN TONS / ACRE",20.0,TON/ACRE
WEST VIRGINIA,HAY,"HAY - YIELD, MEASURED IN TONS / ACRE",1.74,TON/ACRE
WEST VIRGINIA,"HAY, (EXCL ALFALFA)","HAY, (EXCL ALFALFA) - YIELD, MEASURED IN TONS / ACRE",1.7,TON/ACRE
WEST VIRGINIA,"HAY, ALFALFA","HAY, ALFALFA - YIELD, MEASURED IN TONS / ACRE",2.9,TON/ACRE
WISCONSIN,BARLEY,"BARLEY - YIELD, MEASURED IN BU / ACRE",1.288,TON/ACRE
WISCONSIN,"BEANS, SNAP","BEANS, SNAP - YIELD, MEASURED IN CWT / ACRE",4.9,TON/ACRE
WISCONSIN,CABBAGE,"CABBAGE - YIELD, MEASURED IN CWT / ACRE",13.25,TON/ACRE
WISCONSIN,CARROTS,"CARROTS - YIELD, MEASURED IN CWT / ACRE",24.25,TON/ACRE
WISCONSIN,"CHERRIES, TART","CHERRIES, TART - YIELD, MEASURED IN LB / ACRE",2.845,TON/ACRE
WISCONSIN,"CORN, GRAIN","CORN, GRAIN - YIELD, MEASURED IN BU / ACRE",4.648,TON/ACRE
WISCONSIN,"CORN, SILAGE","CORN, SILAGE - YIELD, MEASURED IN TONS / ACRE",17.5,TON/ACRE
WISCONSIN,CRANBERRIES,"CRANBERRIES - YIELD, MEASURED IN BARRELS / ACRE",11.22,TON/ACRE
WISCONSIN,HAY,"HAY - YIELD, MEASURED IN TONS / ACRE",2.15,TON/ACRE
WISCONSIN,"HAY, (EXCL ALFALFA)","HAY, (EXCL ALFALFA) - YIELD, MEASURED IN TONS / ACRE",1.6,TON/ACRE
WISCONSIN,"HAY, ALFALFA","HAY, ALFALFA - YIELD, MEASURED IN TONS / ACRE",2.4,TON/ACRE
WISCONSIN,HAY & HAYLAGE,"HAY & HAYLAGE - YIELD, MEASURED IN TONS / ACRE, DRY BASIS",2.57,TON/ACRE
WISCONSIN,"HAY & HAYLAGE, (EXCL ALFALFA)","HAY & HAYLAGE, (EXCL ALFALFA) - YIELD, MEASURED IN TONS / ACRE, DRY BASIS",1.64,TON/ACRE
WISCONSIN,"HAY & HAYLAGE, ALFALFA","HAY & HAYLAGE, ALFALFA - YIELD, MEASURED IN TONS / ACRE, DRY BASIS",2.93,TON/ACRE
WISCONSIN,HAYLAGE,"HAYLAGE - YIELD, MEASURED IN TONS / ACRE",5.24,TON/ACRE
WISCONSIN,"HAYLAGE, (EXCL ALFALFA)","HAYLAGE, (EXCL ALFALFA) - YIELD, MEASURED IN TONS / ACRE",3.2,TON/ACRE
WISCONSIN,"HAYLAGE, ALFALFA","HAYLAGE, ALFALFA - YIELD, MEASURED IN TONS / ACRE",5.8,TON/ACRE
WISCONSIN,OATS,"OATS - YIELD, MEASURED IN BU / ACRE",1.512,TON/ACRE
WISCONSIN,"PEAS, GREEN","PEAS, GREEN - YIELD, MEASURED IN CWT / ACRE",2.105,TON/ACRE
WISCONSIN,POTATOES,"POTATOES - YIELD, MEASURED IN CWT / ACRE",20.5,TON/ACRE
WISCONSIN,RYE,"RYE - YIELD, MEASURED IN BU / ACRE",0.9520000000000001,TON/ACRE
WISCONSIN,SOYBEANS,"SOYBEANS - YIELD, MEASURED IN BU / ACRE",1.316,TON/ACRE
WISCONSIN,SWEET CORN,"SWEET CORN - YIELD, MEASURED IN CWT / ACRE",8.75,TON/ACRE
WISCONSIN,WHEAT,"WHEAT - YIELD, MEASURED IN BU / ACRE",1.792,TON/ACRE
WISCONSIN,"WHEAT, WINTER","WHEAT, WINTER - YIELD, MEASURED IN BU / ACRE",1.792,TON/ACRE
WYOMING,BARLEY,"BARLEY - YIELD, MEASURED IN BU / ACRE",2.996,TON/ACRE
WYOMING,"BEANS, DRY EDIBLE, (EXCL CHICKPEAS)","BEANS, DRY EDIBLE, (EXCL CHICKPEAS) - YIELD, MEASURED IN LB / ACRE",1.125,TON/ACRE
WYOMING,"BEANS, DRY EDIBLE, GREAT NORTHERN","BEANS, DRY EDIBLE, GREAT NORTHERN - YIELD, MEASURED IN LB / ACRE",1.09,TON/ACRE
WYOMING,"BEANS, DRY EDIBLE, PINTO","BEANS, DRY EDIBLE, PINTO - YIELD, MEASURED IN LB / ACRE",1.155,TON/ACRE
WYOMING,"CORN, GRAIN","CORN, GRAIN - YIELD, MEASURED IN BU / ACRE",3.444,TON/ACRE
WYOMING,"CORN, SILAGE","CORN, SILAGE - YIELD, MEASURED IN TONS / ACRE",24.0,TON/ACRE
WYOMING,HAY,"HAY - YIELD, MEASURED IN TONS / ACRE",2.18,TON/ACRE
WYOMING,"HAY, (EXCL ALFALFA)","HAY, (EXCL ALFALFA) - YIELD, MEASURED IN TONS / ACRE",1.55,TON/ACRE
WYOMING,"HAY, ALFALFA","HAY, ALFALFA - YIELD, MEASURED IN TONS / ACRE",2.7,TON/ACRE
WYOMING,SUGARBEETS,"SUGARBEETS - YIELD, MEASURED IN TONS / ACRE",28.3,TON/ACRE
WYOMING,WHEAT,"WHEAT - YIELD, MEASURED IN BU / ACRE",1.204,TON/ACRE
WYOMING,"WHEAT, WINTER","WHEAT, WINTER - YIELD, MEASURED IN BU / ACRE",1.204,TON/ACRE
